IMAGE_NAME,TYPE_OF_OBJECTS,OBJECT_NAME,BACKGROUND,DEVICE_NAME,DATA_TYPE
IMG_20240219_113620.jpg,6,FilmCapacitor_2 GasSensor_1 LDRSensor_1 MLCCapacitor_4 MotorDriver_1 SonarSensor_2,Wooden,REDMI,Train
IMG_20240219_113626.jpg,6,FilmCapacitor_2 GasSensor_1 LDRSensor_1 MLCCapacitor_2 MotorDriver_1 SonarSensor_2,Wooden,REDMI,Train
IMG_20240219_113639.jpg,6,FilmCapacitor_2 GasSensor_1 LDRSensor_1 MLCCapacitor_4 MotorDriver_1 SonarSensor_2,Wooden,REDMI,Train
IMG_20240219_113719.jpg,6,FilmCapacitor_2 GasSensor_1 LDRSensor_1 MLCCapacitor_4 MotorDriver_1 SonarSensor_2,Wooden,REDMI,Train
IMG_20240219_113739.jpg,3,FilmCapacitor_2 GasSensor_1 LDRSensor_1,Wooden,REDMI,Train
IMG_20240219_113819.jpg,4,LDRSensor_3 MLCCapacitor_1 MotorDriver_1 SonarSensor_2,Wooden,REDMI,Valid
IMG_20240219_113917.jpg,5,FilmCapacitor_2 GasSensor_2 LDRSensor_3 MLCCapacitor_5 SonarSensor_1,Wooden,REDMI,Train
IMG_20240219_113936.jpg,5,FilmCapacitor_2 GasSensor_2 LDRSensor_3 MLCCapacitor_3 SonarSensor_1,Wooden,REDMI,Valid
IMG_20240219_114012.jpg,6,FilmCapacitor_1 GasSensor_2 LDRSensor_3 MLCCapacitor_5 MotorDriver_1 SonarSensor_2,Wooden,REDMI,Train
IMG_20240219_114018.jpg,6,FilmCapacitor_1 GasSensor_2 LDRSensor_3 MLCCapacitor_5 MotorDriver_1 SonarSensor_1,Wooden,REDMI,Test
IMG_20240219_114133.jpg,4,FilmCapacitor_1 GasSensor_2 MotorDriver_1 SonarSensor_2,Wooden,REDMI,Valid
IMG_20240219_114209.jpg,2,GasSensor_2 SonarSensor_2,Wooden,REDMI,Train
IMG_20240219_114214.jpg,2,GasSensor_1 SonarSensor_3,Wooden,REDMI,Test
IMG_20240219_114241.jpg,2,LDRSensor_3 MLCCapacitor_5,Wooden,REDMI,Train
IMG_20240219_114244.jpg,2,LDRSensor_3 MLCCapacitor_5,Wooden,REDMI,Train
IMG_20240219_114253.jpg,2,LDRSensor_2 MLCCapacitor_1,Wooden,REDMI,Train
IMG_20240219_114614.jpg,4,FilmCapacitor_2 GasSensor_1 MotorDriver_1 SonarSensor_1,Tile,REDMI,Train
IMG_20240219_114818.jpg,3,FilmCapacitor_3 LDRSensor_1 MLCCapacitor_3,Tile,REDMI,Train
IMG_20240219_114822.jpg,3,FilmCapacitor_3 LDRSensor_2 MLCCapacitor_2,Tile,REDMI,Valid
IMG_20240219_114918.jpg,4,FilmCapacitor_1 GasSensor_1 LDRSensor_2 MLCCapacitor_4,Tile,REDMI,Valid
IMG_20240219_115004.jpg,5,FilmCapacitor_1 GasSensor_1 LDRSensor_2 MLCCapacitor_4 SonarSensor_1,Tile,REDMI,Valid
IMG_20240219_115215.jpg,6,FilmCapacitor_3 GasSensor_2 LDRSensor_3 MLCCapacitor_5 MotorDriver_1 SonarSensor_2,Black,REDMI,Train
IMG_20240219_115220.jpg,6,FilmCapacitor_3 GasSensor_2 LDRSensor_3 MLCCapacitor_5 MotorDriver_1 SonarSensor_2,Black,REDMI,Train
IMG_20240219_115224.jpg,6,FilmCapacitor_3 GasSensor_2 LDRSensor_3 MLCCapacitor_5 MotorDriver_1 SonarSensor_2,Black,REDMI,Test
IMG_20240219_115257.jpg,6,FilmCapacitor_3 GasSensor_2 LDRSensor_3 MLCCapacitor_5 MotorDriver_1 SonarSensor_2,Black,REDMI,Train
IMG_20240219_115336.jpg,4,FilmCapacitor_2 LDRSensor_3 MLCCapacitor_4 SonarSensor_2,Black,REDMI,Train
IMG_20240219_115347.jpg,4,FilmCapacitor_2 LDRSensor_3 MLCCapacitor_4 SonarSensor_2,Black,REDMI,Train
IMG_20240219_115438.jpg,2,LDRSensor_2 MLCCapacitor_4,Black,REDMI,Train
IMG_20240219_115455.jpg,6,FilmCapacitor_3 GasSensor_2 LDRSensor_1 MLCCapacitor_1 MotorDriver_1 SonarSensor_2,Black,REDMI,Train
IMG_20240219_115933.jpg,6,FilmCapacitor_1 GasSensor_2 LDRSensor_1 MLCCapacitor_3 MotorDriver_1 SonarSensor_1,Wooden,REDMI,Train
IMG_20240219_120158.jpg,2,GasSensor_2 SonarSensor_2,Wooden,REDMI,Train
IMG_20240219_120248.jpg,1,MLCCapacitor_2,Wooden,REDMI,Train
IMG_20240219_120254.jpg,1,MLCCapacitor_2,Wooden,REDMI,Train
IMG_20240219_120311.jpg,2,LDRSensor_2 MLCCapacitor_1,Wooden,REDMI,Valid
IMG_20240219_113631.jpg,6,FilmCapacitor_2 GasSensor_1 LDRSensor_1 MLCCapacitor_4 MotorDriver_1 SonarSensor_2,Wooden,REDMI,Train
IMG_20240219_113711.jpg,6,FilmCapacitor_2 GasSensor_1 LDRSensor_1 MLCCapacitor_4 MotorDriver_1 SonarSensor_2,Wooden,REDMI,Test
IMG_20240219_113715.jpg,6,FilmCapacitor_2 GasSensor_1 LDRSensor_1 MLCCapacitor_3 MotorDriver_1 SonarSensor_2,Wooden,REDMI,Train
IMG_20240219_113730.jpg,3,MLCCapacitor_1 MotorDriver_1 SonarSensor_2,Wooden,REDMI,Test
IMG_20240219_113808.jpg,4,LDRSensor_3 MLCCapacitor_3 MotorDriver_1 SonarSensor_2,Wooden,REDMI,Train
IMG_20240219_113837.jpg,3,MLCCapacitor_1 MotorDriver_1 SonarSensor_2,Wooden,REDMI,Train
IMG_20240219_113922.jpg,5,FilmCapacitor_2 GasSensor_2 LDRSensor_3 MLCCapacitor_5 SonarSensor_1,Wooden,REDMI,Train
IMG_20240219_113931.jpg,5,FilmCapacitor_2 GasSensor_2 LDRSensor_3 MLCCapacitor_3 SonarSensor_1,Wooden,REDMI,Valid
IMG_20240219_114005.jpg,6,FilmCapacitor_1 GasSensor_2 LDRSensor_3 MLCCapacitor_5 MotorDriver_1 SonarSensor_1,Wooden,REDMI,Train
IMG_20240219_114140.jpg,4,FilmCapacitor_1 GasSensor_2 MotorDriver_1 SonarSensor_2,Wooden,REDMI,Train
IMG_20240219_114442.jpg,5,FilmCapacitor_1 GasSensor_1 LDRSensor_2 MLCCapacitor_4 SonarSensor_1,Wooden,REDMI,Train
IMG_20240219_114447.jpg,5,FilmCapacitor_1 GasSensor_1 LDRSensor_2 MLCCapacitor_4 MotorDriver_1,Wooden,REDMI,Train
IMG_20240219_114451.jpg,5,FilmCapacitor_1 LDRSensor_2 MLCCapacitor_4 MotorDriver_1 SonarSensor_1,Wooden,REDMI,Train
IMG_20240219_114643.jpg,4,FilmCapacitor_2 GasSensor_1 MotorDriver_1 SonarSensor_1,Tile,REDMI,Train
IMG_20240219_114646.jpg,4,FilmCapacitor_2 GasSensor_1 MotorDriver_1 SonarSensor_1,Tile,REDMI,Train
IMG_20240219_114652.jpg,4,FilmCapacitor_2 GasSensor_1 MotorDriver_1 SonarSensor_1,Tile,REDMI,Train
IMG_20240219_114741.jpg,5,FilmCapacitor_2 GasSensor_1 LDRSensor_1 MLCCapacitor_2 SonarSensor_1,Tile,REDMI,Valid
IMG_20240219_114745.jpg,5,FilmCapacitor_2 GasSensor_1 LDRSensor_1 MLCCapacitor_2 SonarSensor_1,Tile,REDMI,Train
IMG_20240219_114814.jpg,3,FilmCapacitor_3 LDRSensor_1 MLCCapacitor_3,Tile,REDMI,Valid
IMG_20240219_114826.jpg,3,FilmCapacitor_3 LDRSensor_1 MLCCapacitor_3,Tile,REDMI,Train
IMG_20240219_114906.jpg,4,FilmCapacitor_1 GasSensor_1 LDRSensor_2 MLCCapacitor_4,Tile,REDMI,Train
IMG_20240219_114911.jpg,4,FilmCapacitor_1 GasSensor_1 LDRSensor_2 MLCCapacitor_4,Tile,REDMI,Train
IMG_20240219_114958.jpg,5,FilmCapacitor_1 GasSensor_1 LDRSensor_2 MLCCapacitor_4 SonarSensor_1,Tile,REDMI,Train
IMG_20240219_115010.jpg,5,FilmCapacitor_1 GasSensor_1 LDRSensor_2 MLCCapacitor_4 SonarSensor_1,Tile,REDMI,Valid
IMG_20240219_115342.jpg,4,FilmCapacitor_2 LDRSensor_3 MLCCapacitor_4 SonarSensor_2,Black,REDMI,Test
IMG_20240219_115433.jpg,2,LDRSensor_2 MLCCapacitor_4,Black,REDMI,Train
IMG_20240219_115811.jpg,5,FilmCapacitor_1 LDRSensor_3 MLCCapacitor_5 MotorDriver_1 SonarSensor_1,Wooden,REDMI,Train
IMG_20240219_115821.jpg,5,FilmCapacitor_1 LDRSensor_3 MLCCapacitor_5 MotorDriver_1 SonarSensor_1,Wooden,REDMI,Train
IMG_20240219_115941.jpg,6,FilmCapacitor_1 GasSensor_2 LDRSensor_1 MLCCapacitor_3 MotorDriver_1 SonarSensor_1,Wooden,REDMI,Train
IMG_20240219_115948.jpg,4,GasSensor_2 LDRSensor_1 MotorDriver_1 SonarSensor_1,Wooden,REDMI,Valid
IMG_20240219_120205.jpg,2,GasSensor_2 SonarSensor_2,Wooden,REDMI,Train
IMG_20240219_120209.jpg,2,GasSensor_2 SonarSensor_2,Wooden,REDMI,Valid
IMG_20240219_120213.jpg,2,GasSensor_2 SonarSensor_2,Wooden,REDMI,Valid
IMG20240219113638.jpg,6,FilmCapacitor_2 GasSensor_1 LDRSensor_1 MLCCapacitor_4 MotorDriver_1 SonarSensor_2,Wooden,ONEPLUS_NORD,Train
IMG20240219113726.jpg,6,FilmCapacitor_2 GasSensor_1 LDRSensor_1 MLCCapacitor_4 MotorDriver_1 SonarSensor_2,Wooden,ONEPLUS_NORD,Train
IMG20240219113811.jpg,4,LDRSensor_3 MLCCapacitor_4 MotorDriver_1 SonarSensor_2,Wooden,ONEPLUS_NORD,Train
IMG20240219113827.jpg,4,LDRSensor_3 MLCCapacitor_4 MotorDriver_1 SonarSensor_2,Wooden,ONEPLUS_NORD,Train
IMG20240219113846.jpg,5,LDRSensor_3 MLCCapacitor_4 MotorDriver_1 SonarSensor_2,Wooden,ONEPLUS_NORD,Valid
IMG20240219113926.jpg,5,FilmCapacitor_2 GasSensor_2 LDRSensor_3 MLCCapacitor_5 SonarSensor_1,Wooden,ONEPLUS_NORD,Test
IMG20240219114137.jpg,4,FilmCapacitor_1 GasSensor_2 MotorDriver_1 SonarSensor_2,Wooden,ONEPLUS_NORD,Test
IMG20240219114212.jpg,2,GasSensor_2 SonarSensor_2,Wooden,ONEPLUS_NORD,Valid
IMG20240219114248.jpg,2,LDRSensor_3 MLCCapacitor_5,Wooden,ONEPLUS_NORD,Train
IMG20240219114301.jpg,2,LDRSensor_3 MLCCapacitor_5,Wooden,ONEPLUS_NORD,Train
IMG20240219114447.jpg,5,FilmCapacitor_1 GasSensor_1 LDRSensor_3 MLCCapacitor_3 SonarSensor_1,Wooden,ONEPLUS_NORD,Train
IMG20240219114702.jpg,4,FilmCapacitor_2 GasSensor_1 MotorDriver_1 SonarSensor_1,Tile,ONEPLUS_NORD,Train
IMG20240219114753.jpg,5,FilmCapacitor_2 GasSensor_1 LDRSensor_1 MLCCapacitor_2 SonarSensor_1,Tile,ONEPLUS_NORD,Train
IMG20240219114836.jpg,3,FilmCapacitor_3 LDRSensor_1 MLCCapacitor_3,Tile,ONEPLUS_NORD,Valid
IMG20240219115229.jpg,6,FilmCapacitor_3 GasSensor_1 LDRSensor_2 MLCCapacitor_5 MotorDriver_1 SonarSensor_3,Black,ONEPLUS_NORD,Train
IMG20240219120243.jpg,5,FilmCapacitor_2 GasSensor_1 LDRSensor_1 MLCCapacitor_2 SonarSensor_1,Black,ONEPLUS_NORD,Train
IMG20240219120325.jpg,6,FilmCapacitor_2 GasSensor_1 LDRSensor_1 MLCCapacitor_2 MotorDriver_1 SonarSensor_1,Black,ONEPLUS_NORD,Train
IMG20240219113649.jpg,6,FilmCapacitor_2 GasSensor_1 LDRSensor_1 MLCCapacitor_4 MotorDriver_1 SonarSensor_2,Wooden,ONEPLUS_NORD,Test
IMG20240219113715.jpg,6,FilmCapacitor_2 GasSensor_1 LDRSensor_1 MLCCapacitor_4 MotorDriver_1 SonarSensor_2,Wooden,ONEPLUS_NORD,Train
IMG20240219113745.jpg,6,FilmCapacitor_2 GasSensor_1 LDRSensor_1 MLCCapacitor_3 MotorDriver_1 SonarSensor_2,Wooden,ONEPLUS_NORD,Valid
IMG20240219113831.jpg,4,LDRSensor_3 MLCCapacitor_4 MotorDriver_1 SonarSensor_2,Wooden,ONEPLUS_NORD,Test
IMG20240219114019.jpg,6,FilmCapacitor_1 GasSensor_2 LDRSensor_3 MLCCapacitor_5 MotorDriver_1 SonarSensor_1,Wooden,ONEPLUS_NORD,Train
IMG20240219114129.jpg,4,FilmCapacitor_1 GasSensor_2 MotorDriver_1 SonarSensor_2,Wooden,ONEPLUS_NORD,Train
IMG20240219114134.jpg,4,FilmCapacitor_1 GasSensor_2 MotorDriver_1 SonarSensor_2,Wooden,ONEPLUS_NORD,Train
IMG20240219114308.jpg,2,LDRSensor_3 MLCCapacitor_5,Wooden,ONEPLUS_NORD,Train
IMG20240219114504.jpg,5,FilmCapacitor_1 GasSensor_1 LDRSensor_2 MLCCapacitor_4 MotorDriver_1,Wooden,ONEPLUS_NORD,Valid
IMG20240219114926.jpg,4,FilmCapacitor_1 GasSensor_1 LDRSensor_2 MLCCapacitor_4,Tile,ONEPLUS_NORD,Train
IMG20240219114955.jpg,5,FilmCapacitor_1 GasSensor_1 LDRSensor_2 MLCCapacitor_4 SonarSensor_1,Tile,ONEPLUS_NORD,Train
IMG20240219115245.jpg,6,FilmCapacitor_3 GasSensor_2 LDRSensor_2 MLCCapacitor_5 MotorDriver_1 SonarSensor_2,Black,ONEPLUS_NORD,Train
IMG20240219115331.jpg,4,FilmCapacitor_2 LDRSensor_3 MLCCapacitor_4 SonarSensor_2,Black,ONEPLUS_NORD,Train
IMG20240219115446.jpg,2,LDRSensor_2 MLCCapacitor_4,Black,ONEPLUS_NORD,Train
IMG20240219120257.jpg,5,FilmCapacitor_2 GasSensor_1 LDRSensor_1 MLCCapacitor_2 MotorDriver_1,Black,ONEPLUS_NORD,Train
IMG20240219120330.jpg,6,FilmCapacitor_2 GasSensor_1 LDRSensor_1 MLCCapacitor_2 MotorDriver_1 SonarSensor_1,Black,ONEPLUS_NORD,Valid
IMG_20240220_114159.jpg,6,BluetoothModule_2 Diode_3 FuseBase_1 HeatSink_1 HighVoltageCeramicCpacitor_2 RFIDScanner_1,Wooden,REDMI,Test
IMG_20240220_114205.jpg,6,BluetoothModule_2 Diode_3 FuseBase_1 HeatSink_1 HighVoltageCeramicCpacitor_2 RFIDScanner_1,Wooden,REDMI,Train
IMG_20240220_114220.jpg,5,BluetoothModule_1 Diode_1 HeatSink_1 HighVoltageCeramicCpacitor_2 RFIDScanner_1,Wooden,REDMI,Train
IMG_20240220_114312.jpg,5,BluetoothModule_2 Diode_1 HeatSink_1 HighVoltageCeramicCpacitor_2 RFIDScanner_1,Wooden,REDMI,Train
IMG_20240220_114332.jpg,5,BluetoothModule_2 Diode_1 HeatSink_1 HighVoltageCeramicCpacitor_2 RFIDScanner_1,Wooden,REDMI,Train
IMG_20240220_114533.jpg,4,BluetoothModule_2 FuseBase_1 HighVoltageCeramicCpacitor_2 RFIDScanner_1,Wooden,REDMI,Train
IMG_20240220_114617.jpg,6,BluetoothModule_2 Diode_1 FuseBase_1 HeatSink_1 HighVoltageCeramicCpacitor_1 RFIDScanner_1,Wooden,REDMI,Train
IMG_20240220_114627.jpg,6,BluetoothModule_2 Diode_1 FuseBase_1 HeatSink_1 HighVoltageCeramicCpacitor_1 RFIDScanner_1,Wooden,REDMI,Train
IMG_20240220_114642.jpg,6,BluetoothModule_2 Diode_1 FuseBase_1 HeatSink_1 HighVoltageCeramicCpacitor_1 RFIDScanner_1,Wooden,REDMI,Train
IMG_20240220_114647.jpg,6,BluetoothModule_2 Diode_1 FuseBase_1 HeatSink_1 HighVoltageCeramicCpacitor_1 RFIDScanner_1,Wooden,REDMI,Train
IMG_20240220_114731.jpg,6,BluetoothModule_2 Diode_1 Fuse_1 FuseBase_1 HeatSink_1 HighVoltageCeramicCpacitor_2,Wooden,REDMI,Train
IMG_20240220_114740.jpg,5,BluetoothModule_2 Fuse_1 FuseBase_1 HeatSink_1 HighVoltageCeramicCpacitor_2,Wooden,REDMI,Train
IMG_20240220_114924.jpg,7,BluetoothModule_1 Diode_1 Fuse_1 FuseBase_1 HeatSink_1 HighVoltageCeramicCpacitor_2 RFIDScanner_1,Wooden,REDMI,Train
IMG_20240220_114936.jpg,7,BluetoothModule_1 Diode_1 Fuse_1 FuseBase_1 HeatSink_1 HighVoltageCeramicCpacitor_2 RFIDScanner_1,Wooden,REDMI,Test
IMG_20240220_115021.jpg,7,BluetoothModule_1 Diode_2 Fuse_1 FuseBase_1 HeatSink_1 HighVoltageCeramicCpacitor_1 RFIDScanner_1,Wooden,REDMI,Train
IMG_20240220_115044.jpg,4,BluetoothModule_1 Diode_1 Fuse_1 HighVoltageCeramicCpacitor_1,Wooden,REDMI,Train
IMG_20240220_115047.jpg,4,BluetoothModule_1 Diode_1 Fuse_1 HighVoltageCeramicCpacitor_1,Wooden,REDMI,Train
IMG_20240220_115051.jpg,4,BluetoothModule_1 Diode_1 Fuse_1 HighVoltageCeramicCpacitor_1,Wooden,REDMI,Test
IMG_20240220_115123.jpg,5,BluetoothModule_1 Diode_1 Fuse_1 HighVoltageCeramicCpacitor_1 RFIDScanner_1,Wooden,REDMI,Train
IMG_20240220_115127.jpg,5,BluetoothModule_1 Diode_1 Fuse_1 HighVoltageCeramicCpacitor_1 RFIDScanner_1,Wooden,REDMI,Test
IMG_20240220_115132.jpg,5,BluetoothModule_1 Diode_1 Fuse_1 HighVoltageCeramicCpacitor_1 RFIDScanner_1,Wooden,REDMI,Train
IMG_20240220_115211.jpg,4,BluetoothModule_1 Fuse_1 FuseBase_1 HighVoltageCeramicCpacitor_1,Tile,REDMI,Train
IMG_20240220_115215.jpg,4,BluetoothModule_1 Fuse_1 FuseBase_1 HighVoltageCeramicCpacitor_1,Tile,REDMI,Valid
IMG_20240220_115224.jpg,4,BluetoothModule_1 Fuse_1 FuseBase_1 HighVoltageCeramicCpacitor_1,Tile,REDMI,Train
IMG_20240220_115229.jpg,4,BluetoothModule_1 Fuse_1 FuseBase_1 HighVoltageCeramicCpacitor_1,Tile,REDMI,Train
IMG_20240220_115315.jpg,5,Diode_1 Fuse_1 FuseBase_1 HeatSink_1 RFIDScanner_1,Tile,REDMI,Train
IMG_20240220_115321.jpg,5,Diode_1 Fuse_1 FuseBase_1 HeatSink_1 RFIDScanner_1,Tile,REDMI,Train
IMG_20240220_115430.jpg,5,BluetoothModule_2 Diode_3 FuseBase_1 HeatSink_1 RFIDScanner_1,Tile,REDMI,Valid
IMG_20240220_115458.jpg,6,BluetoothModule_1 Diode_1 Fuse_1 HeatSink_1 HighVoltageCeramicCpacitor_2 RFIDScanner_1,Tile,REDMI,Valid
IMG_20240220_115502.jpg,6,BluetoothModule_1 Diode_1 Fuse_1 HeatSink_1 HighVoltageCeramicCpacitor_2 RFIDScanner_1,Tile,REDMI,Test
IMG_20240220_115527.jpg,6,BluetoothModule_1 Diode_1 Fuse_1 HeatSink_1 HighVoltageCeramicCpacitor_2 RFIDScanner_1,Tile,REDMI,Valid
IMG_20240220_115533.jpg,6,BluetoothModule_1 Diode_1 Fuse_1 HeatSink_1 HighVoltageCeramicCpacitor_2 RFIDScanner_1,Tile,REDMI,Train
IMG_20240220_115539.jpg,6,BluetoothModule_1 Diode_1 Fuse_1 HeatSink_1 HighVoltageCeramicCpacitor_2 RFIDScanner_1,Tile,REDMI,Test
IMG_20240220_115715.jpg,6,BluetoothModule_2 Diode_1 Fuse_1 HeatSink_1 HighVoltageCeramicCpacitor_2 RFIDScanner_1,Tile,REDMI,Train
IMG_20240220_115756.jpg,6,BluetoothModule_2 Diode_1 Fuse_1 HeatSink_1 HighVoltageCeramicCpacitor_2 RFIDScanner_1,Tile,REDMI,Train
IMG_20240220_115903.jpg,6,BluetoothModule_2 Fuse_1 FuseBase_1 HeatSink_1 HighVoltageCeramicCpacitor_1 RFIDScanner_1,Tile,REDMI,Train
IMG_20240220_115924.jpg,5,BluetoothModule_2 Fuse_1 FuseBase_1 HeatSink_1 HighVoltageCeramicCapacitor_1,Tile,REDMI,Train
IMG_20240220_115930.jpg,5,BluetoothModule_2 Fuse_1 FuseBase_1 HighVoltageCeramicCapacitor_1 RFIDScanner_1,Tile,REDMI,Train
IMG_20240220_120015.jpg,6,BluetoothModule_1 Diode_1 Fuse_1 FuseBase_1 HighVoltageCeramicCpacitor_2 RFIDScanner_1,Tile,REDMI,Valid
IMG_20240220_120029.jpg,6,BluetoothModule_1 Diode_1 Fuse_1 FuseBase_1 HighVoltageCeramicCpacitor_2 RFIDScanner_1,Tile,REDMI,Valid
IMG_20240220_120248.jpg,6,BluetoothModule_1 Diode_1 Fuse_1 HeatSink_1 HighVoltageCeramicCpacitor_1 RFIDScanner_1,Tile,REDMI,Train
IMG_20240220_120308.jpg,6,BluetoothModule_1 Diode_1 Fuse_1 HeatSink_1 HighVoltageCeramicCpacitor_1 RFIDScanner_1,Tile,REDMI,Train
IMG_20240220_120351.jpg,5,BluetoothModule_1 Diode_2 Fuse_1 HeatSink_1 HighVoltageCeramicCpacitor_1,Tile,REDMI,Valid
IMG_20240220_120413.jpg,6,BluetoothModule_1 Diode_3 Fuse_1 HeatSink_1 HighVoltageCeramicCpacitor_1 RFIDScanner_1,Tile,REDMI,Valid
IMG_20240220_120505.jpg,6,BluetoothModule_1 Fuse_1 FuseBase_1 HeatSink_1 HighVoltageCeramicCpacitor_1 RFIDScanner_1,Tile,REDMI,Train
IMG_20240220_120508.jpg,6,BluetoothModule_1 Fuse_1 FuseBase_1 HeatSink_1 HighVoltageCeramicCpacitor_1 RFIDScanner_1,Tile,REDMI,Train
IMG_20240220_120515.jpg,6,BluetoothModule_1 Fuse_1 FuseBase_1 HeatSink_1 HighVoltageCeramicCpacitor_1 RFIDScanner_1,Tile,REDMI,Train
IMG_20240220_120532.jpg,6,BluetoothModule_1 Fuse_1 FuseBase_1 HeatSink_1 HighVoltageCeramicCpacitor_1 RFIDScanner_1,Tile,REDMI,Valid
IMG_20240220_120903.jpg,7,BluetoothModule_1 Diode_2 Fuse_1 FuseBase_1 HeatSink_1 HighVoltageCeramicCpacitor_1 RFIDScanner_1,Tile,REDMI,Valid
IMG_20240220_120907.jpg,7,BluetoothModule_1 Diode_2 Fuse_1 FuseBase_1 HeatSink_1 HighVoltageCeramicCpacitor_1 RFIDScanner_1,Tile,REDMI,Train
IMG_20240220_121114.jpg,3,Diode_2 HighVoltageCeramicCapacitor_1 RFIDScanner_1,Black,REDMI,Train
IMG_20240220_121133.jpg,3,Diode_2 HighVoltageCeramicCapacitor_1 RFIDScanner_1,Black,REDMI,Train
IMG_20240220_121143.jpg,3,Diode_2 HighVoltageCeramicCapacitor_1 RFIDScanner_1,Black,REDMI,Train
IMG_20240220_121153.jpg,3,Diode_2 HighVoltageCeramicCapacitor_1 RFIDScanner_1,Black,REDMI,Test
IMG_20240220_121201.jpg,3,Diode_1 HighVoltageCeramicCapacitor_1 RFIDScanner_1,Black,REDMI,Train
IMG_20240220_121242.jpg,3,BluetoothModule_1 HighVoltageCeramicCapacitor_1 RFIDScanner_1,Black,REDMI,Train
IMG_20240220_121252.jpg,1,RFIDScanner_1,Black,REDMI,Train
IMG_20240220_121303.jpg,3,BluetoothModule_1 Diode_1 HighVoltageCeramicCapacitor_1,Black,REDMI,Train
IMG_20240220_121328.jpg,6,BluetoothModule_1 Diode_1 Fuse_1 FuseBase_1 HeatSink_1 HighVoltageCeramicCpacitor_1,Black,REDMI,Train
IMG_20240220_121334.jpg,6,BluetoothModule_1 Diode_1 Fuse_1 FuseBase_1 HeatSink_1 HighVoltageCeramicCpacitor_1,Black,REDMI,Train
IMG_20240220_121422.jpg,5,BluetoothModule_1 Diode_1 FuseBase_1 HeatSink_1 HighVoltageCeramicCpacitor_1,Black,REDMI,Valid
IMG_20240220_121525.jpg,4,BluetoothModule_2 Fuse_1 HighVoltageCeramicCpacitor_1 RFIDScanner_1,Black,REDMI,Train
IMG_20240220_121637.jpg,3,BluetoothModule_2 HighVoltageCeramicCpacitor_1 RFIDScanner_1,Black,REDMI,Train
IMG_20240220_121746.jpg,3,Diode_3 Fuse_1 HighVoltageCeramicCapacitor_1,Black,REDMI,Train
IMG_20240220_121913.jpg,3,FuseBase_1 HeatSink_1 RFIDScanner_1,Wooden,REDMI,Valid
IMG_20240220_121918.jpg,3,FuseBase_1 HeatSink_1 RFIDScanner_1,Wooden,REDMI,Valid
IMG_20240220_121957.jpg,6,Diode_1 Fuse_1 FuseBase_1 HeatSink_1 HighVoltageCeramicCpacitor_1 RFIDScanner_1,Wooden,REDMI,Train
IMG_20240220_122017.jpg,6,BluetoothModule_1 Diode_1 Fuse_1 FuseBase_1 HeatSink_1 HighVoltageCeramicCpacitor_2,Wooden,REDMI,Train
IMG_20240220_114213.jpg,3,BluetoothModule_1 HeatSink_1 RFIDScanner_1,Wooden,REDMI,Train
IMG_20240220_114230.jpg,6,BluetoothModule_2 Diode_3 FuseBase_1 HeatSink_1 HighVoltageCeramicCpacitor_2 RFIDScanner_1,Wooden,REDMI,Train
IMG_20240220_114237.jpg,6,BluetoothModule_2 Diode_3 FuseBase_1 HeatSink_1 HighVoltageCeramicCpacitor_2 RFIDScanner_1,Wooden,REDMI,Valid
IMG_20240220_114318.jpg,5,BluetoothModule_2 Diode_1 HeatSink_1 HighVoltageCeramicCpacitor_2 RFIDScanner_1,Wooden,REDMI,Train
IMG_20240220_114326.jpg,5,BluetoothModule_2 Diode_1 HeatSink_1 HighVoltageCeramicCpacitor_2 RFIDScanner_1,Wooden,REDMI,Train
IMG_20240220_114541.jpg,4,BluetoothModule_2 FuseBase_1 HighVoltageCeramicCpacitor_2 RFIDScanner_1,Wooden,REDMI,Train
IMG_20240220_114554.jpg,4,BluetoothModule_2 FuseBase_1 HighVoltageCeramicCpacitor_2 RFIDScanner_1,Wooden,REDMI,Train
IMG_20240220_114621.jpg,6,BluetoothModule_2 Diode_1 FuseBase_1 HeatSink_1 HighVoltageCeramicCpacitor_1 RFIDScanner_1,Wooden,REDMI,Train
IMG_20240220_114725.jpg,6,BluetoothModule_2 Diode_1 Fuse_1 FuseBase_1 HeatSink_1 HighVoltageCeramicCpacitor_2,Wooden,REDMI,Valid
IMG_20240220_114746.jpg,6,BluetoothModule_2 Diode_1 Fuse_1 FuseBase_1 HeatSink_1 HighVoltageCeramicCpacitor_2,Wooden,REDMI,Train
IMG_20240220_114750.jpg,6,BluetoothModule_2 Diode_1 Fuse_1 FuseBase_1 HeatSink_1 HighVoltageCeramicCpacitor_2,Wooden,REDMI,Train
IMG_20240220_114919.jpg,7,BluetoothModule_1 Diode_1 Fuse_1 FuseBase_1 HeatSink_1 HighVoltageCeramicCpacitor_2 RFIDScanner_1,Wooden,REDMI,Train
IMG_20240220_114930.jpg,5,BluetoothModule_1 Diode_1 FuseBase_1 HighVoltageCeramicCpacitor_2 RFIDScanner_1,Wooden,REDMI,Test
IMG_20240220_115006.jpg,7,BluetoothModule_1 Diode_2 Fuse_1 FuseBase_1 HeatSink_1 HighVoltageCeramicCpacitor_1 RFIDScanner_1,Wooden,REDMI,Train
IMG_20240220_115016.jpg,7,BluetoothModule_1 Diode_2 Fuse_1 FuseBase_1 HeatSink_1 HighVoltageCeramicCpacitor_1 RFIDScanner_1,Wooden,REDMI,Train
IMG_20240220_115120.jpg,5,BluetoothModule_1 Diode_1 Fuse_1 HighVoltageCeramicCpacitor_1 RFIDScanner_1,Wooden,REDMI,Valid
IMG_20240220_115304.jpg,5,Diode_1 Fuse_1 FuseBase_1 HeatSink_1 RFIDScanner_1,Tile,REDMI,Train
IMG_20240220_115316.jpg,5,Diode_1 Fuse_1 FuseBase_1 HeatSink_1 RFIDScanner_1,Tile,REDMI,Train
IMG_20240220_115333.jpg,5,Diode_1 Fuse_1 FuseBase_1 HeatSink_1 RFIDScanner_1,Tile,REDMI,Valid
IMG_20240220_115414.jpg,5,BluetoothModule_2 Diode_3 FuseBase_1 HeatSink_1 RFIDScanner_1,Tile,REDMI,Valid
IMG_20240220_115418.jpg,5,BluetoothModule_2 Diode_3 FuseBase_1 HeatSink_1 RFIDScanner_1,Tile,REDMI,Train
IMG_20240220_115427.jpg,5,BluetoothModule_2 Diode_3 FuseBase_1 HeatSink_1 RFIDScanner_1,Tile,REDMI,Train
IMG_20240220_115618.jpg,6,BluetoothModule_2 Diode_1 Fuse_1 HeatSink_1 HighVoltageCeramicCpacitor_2 RFIDScanner_1,Tile,REDMI,Train
IMG_20240220_115622.jpg,6,BluetoothModule_2 Diode_1 Fuse_1 HeatSink_1 HighVoltageCeramicCpacitor_2 RFIDScanner_1,Tile,REDMI,Valid
IMG_20240220_115625.jpg,6,BluetoothModule_2 Diode_1 Fuse_1 HeatSink_1 HighVoltageCeramicCpacitor_2 RFIDScanner_1,Tile,REDMI,Train
IMG_20240220_115747.jpg,6,BluetoothModule_2 Diode_1 Fuse_1 HeatSink_1 HighVoltageCeramicCpacitor_2 RFIDScanner_1,Tile,REDMI,Train
IMG_20240220_115849.jpg,6,BluetoothModule_2 Fuse_1 FuseBase_1 HeatSink_1 HighVoltageCeramicCpacitor_1 RFIDScanner_1,Tile,REDMI,Test
IMG_20240220_115857.jpg,6,BluetoothModule_2 Fuse_1 FuseBase_1 HeatSink_1 HighVoltageCeramicCpacitor_1 RFIDScanner_1,Tile,REDMI,Train
IMG_20240220_115909.jpg,6,BluetoothModule_2 Fuse_1 FuseBase_1 HeatSink_1 HighVoltageCeramicCpacitor_1 RFIDScanner_1,Tile,REDMI,Train
IMG_20240220_115942.jpg,5,BluetoothModule_2 Fuse_1 FuseBase_1 HeatSink_1 HighVoltageCeramicCapacitor_1,Tile,REDMI,Train
IMG_20240220_120103.jpg,6,BluetoothModule_1 Diode_1 Fuse_1 FuseBase_1 HighVoltageCeramicCpacitor_2 RFIDScanner_1,Tile,REDMI,Train
IMG_20240220_120146.jpg,6,BluetoothModule_1 Diode_1 Fuse_1 HeatSink_1 HighVoltageCeramicCpacitor_1 RFIDScanner_1,Tile,REDMI,Test
IMG_20240220_120154.jpg,6,BluetoothModule_1 Diode_1 Fuse_1 HeatSink_1 HighVoltageCeramicCpacitor_1 RFIDScanner_1,Tile,REDMI,Valid
IMG_20240220_120314.jpg,6,BluetoothModule_1 Diode_1 Fuse_1 HeatSink_1 HighVoltageCeramicCpacitor_1 RFIDScanner_1,Tile,REDMI,Test
IMG_20240220_120346.jpg,6,BluetoothModule_1 Diode_3 Fuse_1 HeatSink_1 HighVoltageCeramicCpacitor_1 RFIDScanner_1,Tile,REDMI,Train
IMG_20240220_120357.jpg,4,Diode_3 Fuse_1 HeatSink_1 HighVoltageCeramicCapacitor_1,Tile,REDMI,Train
IMG_20240220_120420.jpg,6,BluetoothModule_1 Diode_3 Fuse_1 HeatSink_1 HighVoltageCeramicCpacitor_1 RFIDScanner_1,Tile,REDMI,Test
IMG_20240220_120501.jpg,6,BluetoothModule_1 Fuse_1 FuseBase_1 HeatSink_1 HighVoltageCeramicCpacitor_1 RFIDScanner_1,Tile,REDMI,Train
IMG_20240220_120539.jpg,6,BluetoothModule_1 Fuse_1 FuseBase_1 HeatSink_1 HighVoltageCeramicCpacitor_1 RFIDScanner_1,Tile,REDMI,Train
IMG_20240220_120913.jpg,7,BluetoothModule_1 Diode_2 Fuse_1 FuseBase_1 HeatSink_1 HighVoltageCeramicCpacitor_1 RFIDScanner_1,Tile,REDMI,Valid
IMG_20240220_121119.jpg,3,Diode_2 HighVoltageCeramicCapacitor_1 RFIDScanner_1,Black,REDMI,Valid
IMG_20240220_121228.jpg,4,BluetoothModule_1 Diode_2 HighVoltageCeramicCapacitor_1 RFIDScanner_1,Black,REDMI,Train
IMG_20240220_121322.jpg,6,BluetoothModule_1 Diode_1 Fuse_1 FuseBase_1 HeatSink_1 HighVoltageCeramicCpacitor_1,Black,REDMI,Train
IMG_20240220_121340.jpg,6,BluetoothModule_1 Diode_1 Fuse_1 FuseBase_1 HeatSink_1 HighVoltageCeramicCpacitor_1,Black,REDMI,Train
IMG_20240220_121346.jpg,6,BluetoothModule_1 Diode_1 Fuse_1 FuseBase_1 HeatSink_1 HighVoltageCeramicCpacitor_1,Black,REDMI,Train
IMG_20240220_121359.jpg,5,BluetoothModule_1 Diode_1 FuseBase_1 HeatSink_1 HighVoltageCeramicCpacitor_1,Black,REDMI,Valid
IMG_20240220_121405.jpg,5,BluetoothModule_1 Diode_1 FuseBase_1 HeatSink_1 HighVoltageCeramicCpacitor_1,Black,REDMI,Test
IMG_20240220_121409.jpg,5,BluetoothModule_1 Diode_1 FuseBase_1 HeatSink_1 HighVoltageCeramicCpacitor_1,Black,REDMI,Valid
IMG_20240220_121416.jpg,2,BluetoothModule_1 HighVoltageCeramicCpacitor_1,Black,REDMI,Valid
IMG_20240220_121455.jpg,5,BluetoothModule_1 Diode_1 Fuse_1 HighVoltageCeramicCpacitor_1 RFIDScanner_1,Black,REDMI,Train
IMG_20240220_121500.jpg,5,BluetoothModule_2 Diode_1 Fuse_1 HighVoltageCeramicCpacitor_1 RFIDScanner_1,Black,REDMI,Valid
IMG_20240220_121506.jpg,5,BluetoothModule_2 Diode_1 Fuse_1 HighVoltageCeramicCpacitor_1 MotorDriver_1,Black,REDMI,Train
IMG_20240220_121512.jpg,5,BluetoothModule_2 Diode_1 Fuse_1 HighVoltageCeramicCpacitor_1 RFIDScanner_1,Black,REDMI,Train
IMG_20240220_121536.jpg,5,BluetoothModule_2 Diode_1 Fuse_1 HighVoltageCeramicCpacitor_1 RFIDScanner_1,Black,REDMI,Test
IMG_20240220_121603.jpg,2,BluetoothModule_1 HighVoltageCeramicCpacitor_1,Black,REDMI,Train
IMG_20240220_121611.jpg,2,BluetoothModule_1 HighVoltageCeramicCpacitor_1,Black,REDMI,Train
IMG_20240220_121628.jpg,3,BluetoothModule_2 HighVoltageCeramicCpacitor_1 RFIDScanner_1,Black,REDMI,Train
IMG_20240220_121656.jpg,4,BluetoothModule_1 Diode_1 HighVoltageCeramicCpacitor_1 RFIDScanner_1,Black,REDMI,Train
IMG_20240220_121702.jpg,4,BluetoothModule_1 Diode_1 HighVoltageCeramicCpacitor_1 RFIDScanner_1,Black,REDMI,Train
IMG_20240220_121809.jpg,3,Diode_3 Fuse_1 HighVoltageCeramicCapacitor_1,Black,REDMI,Train
IMG_20240220_121907.jpg,3,FuseBase_1 HeatSink_1 RFIDScanner_1,Wooden,REDMI,Train
IMG_20240220_121939.jpg,6,Diode_1 Fuse_1 FuseBase_1 HeatSink_1 HighVoltageCeramicCapacitor_1 RFIDScanner_1,Wooden,REDMI,Train
IMG_20240220_121944.jpg,6,Diode_1 Fuse_1 FuseBase_1 HeatSink_1 HighVoltageCeramicCapacitor_1 RFIDScanner_1,Wooden,REDMI,Train
IMG_20240220_121951.jpg,5,Fuse_1 FuseBase_1 HeatSink_1 HighVoltageCeramicCapacitor_1 RFIDScanner_1,Wooden,REDMI,Train
IMG_20240220_122012.jpg,6,BluetoothModule_1 Diode_1 Fuse_1 FuseBase_1 HeatSink_1 HighVoltageCeramicCpacitor_2,Wooden,REDMI,Train
IMG_20240220_122022.jpg,6,BluetoothModule_1 Diode_1 Fuse_1 FuseBase_1 HeatSink_1 HighVoltageCeramicCpacitor_2,Wooden,REDMI,Train
IMG_20240220_122028.jpg,6,BluetoothModule_1 Diode_1 Fuse_1 FuseBase_1 HeatSink_1 HighVoltageCeramicCpacitor_2,Wooden,REDMI,Train
IMG_20240220_122035.jpg,3,BluetoothModule_1 Diode_2 RFIDScanner_1,Wooden,REDMI,Train
IMG_20240220_131431.jpg,8,9VolteBattery_1 Buzzer_2 ICChip_2 Inductor_2 LCDDisplay_1 MotorDriver_1 PushSwitch_2 ServoMotor_1,Wooden,REDMI,Valid
IMG_20240220_131443.jpg,6,9VolteBattery_1 Buzzer_2 ICChip_2 Inductor_2 MotorDriver_1 PushSwitch_2,Wooden,REDMI,Train
IMG_20240220_131506.jpg,4,Buzzer_2 Inductor_2 PushSwitch_2 ServoMotor_1,Wooden,REDMI,Train
IMG_20240220_131513.jpg,5,9VolteBattery_1 Buzzer_2 ICChip_1 Inductor_1 ServoMotor_1,Wooden,REDMI,Train
IMG_20240220_131522.jpg,8,9VolteBattery_1 Buzzer_2 ICChip_2 Inductor_2 LCDDisplay_1 MotorDriver_1 PushSwitch_2 ServoMotor_1,Wooden,REDMI,Train
IMG_20240220_131548.jpg,8,9VolteBattery_1 Buzzer_2 ICChip_2 Inductor_2 LCDDisplay_1 MotorDriver_1 PushSwitch_2 ServoMotor_1,Wooden,REDMI,Train
IMG_20240220_131552.jpg,8,9VolteBattery_1 Buzzer_2 ICChip_2 Inductor_2 LCDDisplay_1 MotorDriver_1 PushSwitch_2 ServoMotor_1,Wooden,REDMI,Test
IMG_20240220_131610.jpg,5,9VolteBattery_1 Buzzer_1 ICChip_1 Inductor_1 MotorDriver_1,Wooden,REDMI,Valid
IMG_20240220_131734.jpg,5,9VolteBattery_1 ICChip_2 LCDDisplay_1 MotorDriver_1 PushSwitch_2,Wooden,REDMI,Valid
IMG_20240220_131745.jpg,6,9VolteBattery_1 ICChip_1 LCDDisplay_1 MotorDriver_1 PushSwitch_1 ServoMotor_1,Wooden,REDMI,Train
IMG_20240220_131851.jpg,3,9VolteBattery_1 Inductor_1 MotorDriver_1,Wooden,REDMI,Train
IMG_20240220_131908.jpg,5,Buzzer_2 ICChip_2 Inductor_2 PushSwitch_2 ServoMotor_1,Wooden,REDMI,Valid
IMG_20240220_131951.jpg,3,ICChip_2 MotorDriver_1 PushSwitch_1,Wooden,REDMI,Train
IMG_20240220_131954.jpg,3,ICChip_2 MotorDriver_1 PushSwitch_1,Wooden,REDMI,Train
IMG_20240220_131958.jpg,6,9VolteBattery_1 Buzzer_2 Inductor_2 LCDDisplay_1 PushSwitch_1 ServoMotor_1,Wooden,REDMI,Train
IMG_20240220_132006.jpg,6,9VolteBattery_1 Buzzer_2 Inductor_2 LCDDisplay_1 PushSwitch_1 ServoMotor_1,Wooden,REDMI,Train
IMG_20240220_132018.jpg,7,9VolteBattery_1 Buzzer_1 Inductor_1 LCDDisplay_1 MotorDriver_1 PushSwitch_1 ServoMotor_1,Wooden,REDMI,Train
IMG_20240220_132036.jpg,6,9VolteBattery_1 Buzzer_1 ICChip_1 Inductor_1 LCDDisplay_1 MotorDriver_1,Wooden,REDMI,Train
IMG_20240220_132043.jpg,6,9VolteBattery_1 Buzzer_1 ICChip_1 Inductor_1 LCDDisplay_1 MotorDriver_1,Wooden,REDMI,Train
IMG_20240220_132047.jpg,5,Buzzer_1 ICChip_1 Inductor_1 PushSwitch_2 ServoMotor_1,Wooden,REDMI,Train
IMG_20240220_132126.jpg,5,9VolteBattery_1 Buzzer_1 ICChip_1 Inductor_1 MotorDriver_1,Wooden,REDMI,Train
IMG_20240220_132242.jpg,6,Buzzer_1 ICChip_1 Inductor_1 LCDDisplay_1 PushSwitch_2 ServoMotor_1,Wooden,REDMI,Valid
IMG_20240220_132303.jpg,2,Buzzer_2 Inductor_2,Wooden,REDMI,Train
IMG_20240220_132322.jpg,3,Buzzer_2 Inductor_2 ServoMotor_1,Wooden,REDMI,Test
IMG_20240220_132334.jpg,4,Buzzer_2 ICChip_1 Inductor_2 PushSwitch_1,Wooden,REDMI,Valid
IMG_20240220_132340.jpg,3,9VoltBattery_1 LCDDisplay_1 MotorDriver_1,Wooden,REDMI,Train
IMG_20240220_132359.jpg,3,9VoltBattery_1 LCDDisplay_1 MotorDriver_1,Wooden,REDMI,Train
IMG_20240220_132408.jpg,3,9VoltBattery_1 LCDDisplay_1 MotorDriver_1,Wooden,REDMI,Train
IMG_20240220_132414.jpg,4,Buzzer_2 ICChip_2 Inductor_2 PushSwitch_1,Wooden,REDMI,Valid
IMG_20240220_132419.jpg,2,PushSwitch_1 ServoMotor_1,Wooden,REDMI,Train
IMG_20240220_132422.jpg,3,ICChip_1 PushSwitch_1 ServoMotor_1 ,Wooden,REDMI,Train
IMG_20240220_132508.jpg,4,Buzzer_2 ICChip_1 Inductor_2 PushSwitch_1,Wooden,REDMI,Train
IMG_20240220_132541.jpg,5,Buzzer_1 ICChip_1 Inductor_1 LCDDisplay_1 PushSwitch_1,Wooden,REDMI,Train
IMG_20240220_132547.jpg,5,Buzzer_2 ICChip_2 Inductor_1 LCDDisplay_1 PushSwitch_1,Wooden,REDMI,Train
IMG_20240220_132601.jpg,8,9VolteBattery_1 Buzzer_2 ICChip_2 Inductor_2 LCDDisplay_1 MotorDriver_1 PushSwitch_2 ServoMotor_1,Wooden,REDMI,Test
IMG_20240220_132618.jpg,1,ICChip_1,Wooden,REDMI,Valid
IMG_20240220_132626.jpg,2,ICChip_1 Inductor_1,Wooden,REDMI,Train
IMG_20240220_132638.jpg,2,Buzzer_1 ICChip_1,Wooden,REDMI,Train
IMG_20240220_132642.jpg,2,Buzzer_1 ICChip_1,Wooden,REDMI,Test
IMG_20240220_132834.jpg,7,9VolteBattery_1 Buzzer_1 ICChip_1 Inductor_1 LCDDisplay_1 MotorDriver_1 PushSwitch_1,Wooden,REDMI,Valid
IMG_20240220_132840.jpg,8,9VolteBattery_1 Buzzer_1 ICChip_1 Inductor_1 LCDDisplay_1 MotorDriver_1 PushSwitch_1 ServoMotor_1,Wooden,REDMI,Train
IMG_20240220_132849.jpg,3,Inductor_1 PushSwitch_1 ServoMotor_1,Wooden,REDMI,Test
IMG_20240220_132900.jpg,8,9VolteBattery_1 Buzzer_2 ICChip_2 Inductor_2 LCDDisplay_1 MotorDriver_1 PushSwitch_2 ServoMotor_1,Wooden,REDMI,Train
IMG_20240220_132908.jpg,5,Buzzer_1 ICChip_1 Inductor_1 LCDDisplay_1 MotorDriver_1,Wooden,REDMI,Train
IMG_20240220_133000.jpg,6,9VolteBattery_1 Buzzer_1 ICChip_1 Inductor_1 LCDDisplay_1 MotorDriver_1,Wooden,REDMI,Valid
IMG_20240220_133117.jpg,3,9VolteBattery_1 Buzzer_1 Inductor_2,Wooden,REDMI,Train
IMG_20240220_133352.jpg,4,9VolteBattery_1 Buzzer_1 Inductor_2 MotorDriver_1,Wooden,REDMI,Test
IMG_20240220_133411.jpg,6,9VolteBattery_1 Buzzer_2 ICChip_1 Inductor_2 MotorDriver_1 PushSwitch_2,Wooden,REDMI,Train
IMG_20240220_134020.jpg,6,9VolteBattery_1 Buzzer_1 ICChip_1 Inductor_2 LCDDisplay_1 PushSwitch_1,Tile,REDMI,Valid
IMG_20240220_134050.jpg,2,ICChip_1 PushSwitch_1,Tile,REDMI,Train
IMG_20240220_134055.jpg,6,9VolteBattery_1 Buzzer_1 ICChip_1 Inductor_2 LCDDisplay_1 ServoMotor_1,Tile,REDMI,Valid
IMG_20240220_134114.jpg,5,Buzzer_1 ICChip_1 Inductor_2 PushSwitch_1 ServoMotor_1,Tile,REDMI,Train
IMG_20240220_134137.jpg,7,9VolteBattery_1 Buzzer_2 ICChip_1 Inductor_1 LCDDisplay_1 PushSwitch_1 ServoMotor_1,Tile,REDMI,Test
IMG_20240220_134228.jpg,7,9VolteBattery_1 Buzzer_2 ICChip_1 Inductor_1 LCDDisplay_1 PushSwitch_1 ServoMotor_1,Tile,REDMI,Valid
IMG_20240220_134324.jpg,6,9VolteBattery_1 Buzzer_1 ICChip_2 MotorDriver_1 PushSwitch_2 ServoMotor_1,Tile,REDMI,Train
IMG_20240220_134334.jpg,6,9VolteBattery_1 Buzzer_1 ICChip_2 MotorDriver_1 PushSwitch_2 ServoMotor_1,Tile,REDMI,Train
IMG_20240220_134416.jpg,6,9VolteBattery_1 Buzzer_1 ICChip_2 LCDDisplay_1 PushSwitch_2 ServoMotor_1,Tile,REDMI,Valid
IMG_20240220_134428.jpg,6,9VolteBattery_1 Buzzer_1 ICChip_2 LCDDisplay_1 PushSwitch_2 ServoMotor_1,Tile,REDMI,Train
IMG_20240220_134436.jpg,6,9VolteBattery_1 Buzzer_1 ICChip_2 LCDDisplay_1 PushSwitch_2 ServoMotor_1,Tile,REDMI,Train
IMG_20240220_134526.jpg,7,9VolteBattery_1 Buzzer_1 ICChip_2 Inductor_1 LCDDisplay_1 PushSwitch_2 ServoMotor_1,Tile,REDMI,Valid
IMG_20240220_134541.jpg,7,9VolteBattery_1 Buzzer_1 ICChip_2 Inductor_1 LCDDisplay_1 PushSwitch_2 ServoMotor_1,Tile,REDMI,Train
IMG_20240220_134623.jpg,6,Buzzer_2 ICChip_2 Inductor_1 LCDDisplay_1 PushSwitch_2 ServoMotor_1,Tile,REDMI,Train
IMG_20240220_134653.jpg,6,Buzzer_1 ICChip_2 Inductor_2 LCDDisplay_1 PushSwitch_2 ServoMotor_1,Tile,REDMI,Train
IMG_20240220_134801.jpg,5,Buzzer_1 Inductor_1 LCDDisplay_1 MotorDriver_1 PushSwitch_1,Tile,REDMI,Valid
IMG_20240220_134820.jpg,5,Buzzer_1 Inductor_1 LCDDisplay_1 MotorDriver_1 PushSwitch_1,Tile,REDMI,Train
IMG_20240220_134842.jpg,5,9VolteBattery_1 ICChip_1 LCDDisplay_1 MotorDriver_1 ServoMotor_1,Tile,REDMI,Train
IMG_20240220_134846.jpg,5,9VolteBattery_1 ICChip_1 LCDDisplay_1 MotorDriver_1 ServoMotor_1,Tile,REDMI,Train
IMG_20240220_134850.jpg,5,9VolteBattery_1 ICChip_1 LCDDisplay_1 MotorDriver_1 ServoMotor_1,Tile,REDMI,Train
IMG_20240220_134925.jpg,5,9VolteBattery_1 ICChip_1 Inductor_2 LCDDisplay_1 ServoMotor_1,Tile,REDMI,Valid
IMG_20240220_135037.jpg,5,9VolteBattery_1 ICChip_1 Inductor_2 LCDDisplay_1 ServoMotor_1,Tile,REDMI,Train
IMG_20240220_135042.jpg,5,9VolteBattery_1 ICChip_1 Inductor_2 LCDDisplay_1 ServoMotor_1,Tile,REDMI,Train
IMG_20240220_135221.jpg,5,9VolteBattery_1 Buzzer_1 ICChip_1 Inductor_2 MotorDriver_1,Black,REDMI,Train
IMG_20240220_135229.jpg,5,Buzzer_1 ICChip_1 LCDDisplay_1 PushSwitch_2 ServoMotor_1,Black,REDMI,Train
IMG_20240220_135235.jpg,5,Buzzer_1 ICChip_2 Inductor_1 MotorDriver_1 PushSwitch_1,Black,REDMI,Train
IMG_20240220_135301.jpg,8,9VolteBattery_1 Buzzer_2 ICChip_2 Inductor_2 LCDDisplay_1 MotorDriver_1 PushSwitch_2 ServoMotor_1,Black,REDMI,Train
IMG_20240220_135306.jpg,8,9VolteBattery_1 Buzzer_2 ICChip_2 Inductor_2 LCDDisplay_1 MotorDriver_1 PushSwitch_2 ServoMotor_1,Black,REDMI,Valid
IMG_20240220_135309.jpg,8,9VolteBattery_1 Buzzer_2 ICChip_1 Inductor_2 LCDDisplay_1 MotorDriver_1 PushSwitch_1 ServoMotor_1,Black,REDMI,Valid
IMG_20240220_135410.jpg,7,9VolteBattery_1 Buzzer_2 Inductor_2 LCDDisplay_1 MotorDriver_1 PushSwitch_2 ServoMotor_1,Black,REDMI,Test
IMG_20240220_135417.jpg,7,9VolteBattery_1 Buzzer_2 ICChip_2 Inductor_2 LCDDisplay_1 MotorDriver_1 PushSwitch_1,Black,REDMI,Train
IMG_20240220_135431.jpg,1,Inductor_2,Black,REDMI,Train
IMG_20240220_135437.jpg,2,Buzzer_1 Inductor_2,Black,REDMI,Train
IMG_20240220_135451.jpg,4,9VolteBattery_1 Buzzer_1 ICChip_1 Inductor_1,Black,REDMI,Train
IMG_20240220_135458.jpg,5,9VolteBattery_1 Buzzer_1 ICChip_1 Inductor_1 ServoMotor_1,Black,REDMI,Train
IMG_20240220_135503.jpg,5,9VolteBattery_1 Buzzer_1 ICChip_1 Inductor_1 ServoMotor_1,Black,REDMI,Train
IMG_20240220_135512.jpg,6,9VolteBattery_1 Buzzer_1 ICChip_1 Inductor_1 LCDDisplay_1 ServoMotor_1,Black,REDMI,Train
IMG_20240220_135522.jpg,5,Buzzer_1 ICChip_1 Inductor_1 LCDDisplay_1 MotorDriver_1,Black,REDMI,Train
IMG_20240220_135557.jpg,5,Buzzer_1 ICChip_1 LCDDisplay_1 MotorDriver_1 PushSwitch_1,Black,REDMI,Train
IMG_20240220_135608.jpg,6,9VolteBattery_1 Buzzer_1 ICChip_1 LCDDisplay_1 MotorDriver_1 PushSwitch_1,Black,REDMI,Train
IMG_20240220_135627.jpg,5,9VolteBattery_1 Buzzer_1 ICChip_1 LCDDisplay_1 PushSwitch_2,Black,REDMI,Test
IMG_20240220_135735.jpg,3,ICChip_1 Inductor_2 LCDDisplay_1,Wooden,REDMI,Train
IMG_20240220_135738.jpg,3,ICChip_1 Inductor_2 LCDDisplay_1,Wooden,REDMI,Train
IMG_20240220_135752.jpg,5,Buzzer_1 ICChip_1 Inductor_2 LCDDisplay_1 ServoMotor_1,Wooden,REDMI,Train
IMG_20240220_135817.jpg,7,Buzzer_1 ICChip_2 Inductor_2 LCDDisplay_1 MotorDriver_1 PushSwitch_1 ServoMotor_1,Wooden,REDMI,Train
IMG_20240220_135821.jpg,7,Buzzer_1 ICChip_2 Inductor_2 LCDDisplay_1 MotorDriver_1 PushSwitch_2 ServoMotor_1,Wooden,REDMI,Train
IMG_20240220_135838.jpg,6,Buzzer_1 ICChip_2 Inductor_2 LCDDisplay_1 PushSwitch_2 ServoMotor_1,Wooden,REDMI,Train
IMG_20240220_131426.jpg,8,9VolteBattery_1 Buzzer_2 ICChip_2 Inductor_2 LCDDisplay_1 MotorDriver_1 PushSwitch_2 ServoMotor_1,Wooden,REDMI,Train
IMG_20240220_131436.jpg,8,9VolteBattery_1 Buzzer_2 ICChip_2 Inductor_2 LCDDisplay_1 MotorDriver_1 PushSwitch_2 ServoMotor_1,Wooden,REDMI,Valid
IMG_20240220_131451.jpg,8,9VolteBattery_1 Buzzer_2 ICChip_2 Inductor_2 LCDDisplay_1 MotorDriver_1 PushSwitch_2 ServoMotor_1,Wooden,REDMI,Train
IMG_20240220_131456.jpg,3,Buzzer_1 ICChip_1 MotorDriver_1,Wooden,REDMI,Train
IMG_20240220_131503.jpg,2,ICChip_1 MotorDriver_1,Wooden,REDMI,Train
IMG_20240220_131559.jpg,6,Buzzer_2 ICChip_2 Inductor_2 LCDDisplay_1 MotorDriver_1 ServoMotor_1,Wooden,REDMI,Valid
IMG_20240220_131606.jpg,8,9VolteBattery_1 Buzzer_2 ICChip_1 Inductor_2 LCDDisplay_1 MotorDriver_1 PushSwitch_2 ServoMotor_1,Wooden,REDMI,Train
IMG_20240220_131638.jpg,4,Buzzer_2 ICChip_2 Inductor_1 MotorDriver_1,Wooden,REDMI,Valid
IMG_20240220_131654.jpg,6,Buzzer_2 ICChip_1 Inductor_2 LCDDisplay_1 PushSwitch_1 ServoMotor_1,Wooden,REDMI,Train
IMG_20240220_131738.jpg,4,ICChip_2 LCDDisplay_1 MotorDriver_1 PushSwitch_3,Wooden,REDMI,Test
IMG_20240220_131827.jpg,4,Buzzer_2 ICChip_2 Inductor_2 PushSwitch_2,Wooden,REDMI,Train
IMG_20240220_131832.jpg,4,Buzzer_2 ICChip_2 Inductor_2 PushSwitch_2,Wooden,REDMI,Train
IMG_20240220_131840.jpg,4,Buzzer_2 ICChip_2 Inductor_2 PushSwitch_2,Wooden,REDMI,Train
IMG_20240220_131847.jpg,2,9VoltBattery_1 LCDDisplay_1,Wooden,REDMI,Valid
IMG_20240220_131918.jpg,6,Buzzer_2 ICChip_2 Inductor_2 LCDDisplay_1 PushSwitch_2 ServoMotor_1,Wooden,REDMI,Train
IMG_20240220_131946.jpg,3,ICChip_2 MotorDriver_1 PushSwitch_1,Wooden,REDMI,Train
IMG_20240220_132039.jpg,6,9VolteBattery_1 Buzzer_1 ICChip_1 Inductor_1 LCDDisplay_1 MotorDriver_1,Wooden,REDMI,Train
IMG_20240220_132056.jpg,4,Buzzer_1 ICChip_1 Inductor_1 PushSwitch_2,Wooden,REDMI,Test
IMG_20240220_132059.jpg,4,Buzzer_1 ICChip_1 Inductor_1 PushSwitch_1,Wooden,REDMI,Train
IMG_20240220_132104.jpg,4,Buzzer_1 ICChip_1 Inductor_1 PushSwitch_2,Wooden,REDMI,Test
IMG_20240220_132120.jpg,6,Buzzer_1 ICChip_1 Inductor_1 LCDDisplay_1 PushSwitch_2 ServoMotor_1,Wooden,REDMI,Train
IMG_20240220_132310.jpg,3,Buzzer_2 Inductor_2 PushSwitch_1,Wooden,REDMI,Valid
IMG_20240220_132403.jpg,3,9VolteBattery_1 LCDDisplay_1 MotorDriver_1,Wooden,REDMI,Train
IMG_20240220_132439.jpg,4,Buzzer_1 Inductor_1 MotorDriver_1 ServoMotor_1,Wooden,REDMI,Train
IMG_20240220_132444.jpg,1,9VoltBattery_1,Wooden,REDMI,Train
IMG_20240220_132456.jpg,2,Buzzer_1 Inductor_1,Wooden,REDMI,Train
IMG_20240220_132516.jpg,3,Buzzer_1 Inductor_1 MotorDriver_1,Wooden,REDMI,Train
IMG_20240220_132521.jpg,3,Inductor_1 MotorDriver_1 ServoMotor_1,Wooden,REDMI,Train
IMG_20240220_132607.jpg,6,9VoltBattery_1 Buzzer_2 ICChip_2 Inductor_2 LCDDisplay_1 PushSwitch_2,Wooden,REDMI,Valid
IMG_20240220_132648.jpg,3,ICChip_1 Inductor_1 PushSwitch_1,Wooden,REDMI,Train
IMG_20240220_132702.jpg,5,9VoltBattery_1 Buzzer_1 ICChip_1 LCDDisplay_1 PushSwitch_1,Wooden,REDMI,Test
IMG_20240220_132712.jpg,4,9VoltBattery_1 ICChip_1 LCDDisplay_1 PushSwitch_1,Wooden,REDMI,Train
IMG_20240220_132728.jpg,5,9VoltBattery_1 Buzzer_2 Inductor_1 LCDDisplay_1 ServoMotor_1,Wooden,REDMI,Valid
IMG_20240220_132740.jpg,5,9VoltBattery_1 Buzzer_2 Inductor_1 LCDDisplay_1 ServoMotor_1,Wooden,REDMI,Train
IMG_20240220_132844.jpg,3,Buzzer_1 ICChip_1 ServoMotor_1,Wooden,REDMI,Train
IMG_20240220_132854.jpg,7,9VolteBattery_1 Buzzer_2 ICChip_2 Inductor_2 MotorDriver_1 PushSwitch_3 ServoMotor_1,Wooden,REDMI,Valid
IMG_20240220_132923.jpg,8,9VolteBattery_1 Buzzer_2 ICChip_2 Inductor_2 LCDDisplay_1 MotorDriver_1 PushSwitch_2 ServoMotor_1,Wooden,REDMI,Train
IMG_20240220_132943.jpg,3,9VoltBattery_1 LCDDisplay_1 MotorDriver_1,Wooden,REDMI,Valid
IMG_20240220_132948.jpg,3,9VoltBattery_1 LCDDisplay_1 MotorDriver_1,Wooden,REDMI,Train
IMG_20240220_132952.jpg,3,9VoltBattery_1 LCDDisplay_1 MotorDriver_1,Wooden,REDMI,Valid
IMG_20240220_133020.jpg,5,9VoltBattery_1 LCDDisplay_1 MotorDriver_1 PushSwitch_2 ServoMotor_1,Wooden,REDMI,Train
IMG_20240220_133024.jpg,5,9VoltBattery_1 LCDDisplay_1 MotorDriver_1 PushSwitch_2 ServoMotor_1,Wooden,REDMI,Test
IMG_20240220_133046.jpg,3,ICChip_2 LCDDisplay_1 ServoMotor_1,Wooden,REDMI,Train
IMG_20240220_133052.jpg,5,9VoltBattery_1 ICChip_2 LCDDisplay_1 MotorDriver_1 ServoMotor_1,Wooden,REDMI,Train
IMG_20240220_133110.jpg,6,Buzzer_1 ICChip_2 LCDDisplay_1 MotorDriver_1 PushSwitch_1 ServoMotor_1,Wooden,REDMI,Train
IMG_20240220_133130.jpg,3,Buzzer_1 Inductor_1 PushSwitch_1,Wooden,REDMI,Test
IMG_20240220_133258.jpg,4,9VoltBattery_1 Buzzer_1 ICChip_1 Inductor_1,Wooden,REDMI,Valid
IMG_20240220_133321.jpg,5,Buzzer_1 ICChip_1 LCDDisplay_1 MotorDriver_1 PushSwitch_2,Wooden,REDMI,Train
IMG_20240220_133330.jpg,6,Buzzer_1 ICChip_2 LCDDisplay_1 MotorDriver_1 PushSwitch_2 ServoMotor_1,Wooden,REDMI,Train
IMG_20240220_133336.jpg,6,Buzzer_1 ICChip_2 LCDDisplay_1 MotorDriver_1 PushSwitch_2 ServoMotor_1,Wooden,REDMI,Train
IMG_20240220_133400.jpg,6,Buzzer_1 ICChip_1 LCDDisplay_1 MotorDriver_1 PushSwitch_2 ServoMotor_1,Wooden,REDMI,Train
IMG_20240220_134008.jpg,5,Buzzer_1 ICChip_1 Inductor_2 LCDDisplay_1 PushSwitch_1,Tile,REDMI,Train
IMG_20240220_134012.jpg,6,9VoltBattery_1 Buzzer_1 ICChip_1 Inductor_2 LCDDisplay_1 PushSwitch_1,Tile,REDMI,Valid
IMG_20240220_134015.jpg,6,9VoltBattery_1 Buzzer_1 ICChip_1 Inductor_2 LCDDisplay_1 PushSwitch_1,Tile,REDMI,Valid
IMG_20240220_134025.jpg,5,9VoltBattery_1 Buzzer_1 ICChip_1 Inductor_2 LCDDisplay_1,Tile,REDMI,Train
IMG_20240220_134041.jpg,6,9VoltBattery_1 Buzzer_1 ICChip_1 Inductor_2 LCDDisplay_1 PushSwitch_2,Tile,REDMI,Train
IMG_20240220_134141.jpg,7,9VoltBattery_1 Buzzer_2 ICChip_1 Inductor_1 LCDDisplay_1 PushSwitch_1 ServoMotor_1,Tile,REDMI,Valid
IMG_20240220_134146.jpg,7,9VoltBattery_1 Buzzer_2 ICChip_1 Inductor_1 LCDDisplay_1 PushSwitch_1 ServoMotor_1,Tile,REDMI,Train
IMG_20240220_134155.jpg,6,9VoltBattery_2 Buzzer_2 ICChip_1 Inductor_1 LCDDisplay_1 ServoMotor_1,Tile,REDMI,Train
IMG_20240220_134224.jpg,6,9VoltBattery_1 Buzzer_1 Inductor_1 LCDDisplay_1 PushSwitch_1 ServoMotor_1,Tile,REDMI,Valid
IMG_20240220_134320.jpg,6,9VoltBattery_1 Buzzer_1 ICChip_2 MotorDriver_1 PushSwitch_2 ervoMotor_1,Tile,REDMI,Train
IMG_20240220_134339.jpg,6,9VoltBattery_1 Buzzer_1 ICChip_2 MotorDriver_1 PushSwitch_2 ervoMotor_1,Tile,REDMI,Train
IMG_20240220_134404.jpg,6,9VoltBattery_1 Buzzer_1 ICChip_2 LCDDisplay_1 PushSwitch_2 ServoMotor_1,Tile,REDMI,Train
IMG_20240220_134409.jpg,6,9VoltBattery_1 Buzzer_1 ICChip_2 LCDDisplay_1 PushSwitch_2 ServoMotor_1,Tile,REDMI,Train
IMG_20240220_134453.jpg,6,9VoltBattery_1 Buzzer_1 ICChip_2 LCDDisplay_1 PushSwitch_2 ServoMotor_1,Tile,REDMI,Train
IMG_20240220_134510.jpg,6,9VoltBattery_1 Buzzer_1 ICChip_2 LCDDisplay_1 PushSwitch_2 ServoMotor_1,Tile,REDMI,Train
IMG_20240220_134533.jpg,7,9VoltBattery_1 Buzzer_1 ICChip_2 Inductor_1 LCDDisplay_1 PushSwitch_2 ServoMotor_1,Tile,REDMI,Train
IMG_20240220_134610.jpg,6,Buzzer_2 ICChip_1 Inductor_1 LCDDisplay_1 PushSwitch_1 ServoMotor_1,Tile,REDMI,Train
IMG_20240220_134615.jpg,6,Buzzer_2 ICChip_1 Inductor_1 LCDDisplay_1 PushSwitch_1 ServoMotor_1,Tile,REDMI,Train
IMG_20240220_134719.jpg,5,Buzzer_1 ICChip_2 Inductor_1 LCDDisplay_1 PushSwitch_2,Tile,REDMI,Train
IMG_20240220_134725.jpg,5,Buzzer_1 ICChip_2 Inductor_1 LCDDisplay_1 PushSwitch_2,Tile,REDMI,Valid
IMG_20240220_134732.jpg,5,Buzzer_1 ICChip_2 Inductor_1 LCDDisplay_1 PushSwitch_2,Tile,REDMI,Train
IMG_20240220_134757.jpg,5,Buzzer_1 Inductor_1 LCDDisplay_1 MotorDriver_1 PushSwitch_1,Tile,REDMI,Train
IMG_20240220_134807.jpg,5,Buzzer_1 Inductor_1 LCDDisplay_1 MotorDriver_1 PushSwitch_1,Tile,REDMI,Train
IMG_20240220_134857.jpg,5,9VoltBattery_1 ICChip_1 LCDDisplay_1 MotorDriver_1 ServoMotor_1,Tile,REDMI,Train
IMG_20240220_134936.jpg,5,9VoltBattery_1 ICChip_1 Inductor_2 LCDDisplay_1 ServoMotor_1,Tile,REDMI,Train
IMG_20240220_134947.jpg,5,9VoltBattery_1 ICChip_1 Inductor_2 LCDDisplay_1 ServoMotor_1,Tile,REDMI,Train
IMG_20240220_135005.jpg,5,9VoltBattery_1 ICChip_1 Inductor_2 LCDDisplay_1 ServoMotor_1,Tile,REDMI,Train
IMG_20240220_135316.jpg,8,9VolteBattery_1 Buzzer_2 ICChip_2 Inductor_2 LCDDisplay_1 MotorDriver_1 PushSwitch_1 ServoMotor_1,Black,REDMI,Test
IMG_20240220_135322.jpg,6,9VoltBattery_1 Inductor_2 LCDDisplay_1 MotorDriver_1 PushSwitch_1 ServoMotor_1,Black,REDMI,Test
IMG_20240220_135332.jpg,8,9VolteBattery_1 Buzzer_2 ICChip_1 Inductor_2 LCDDisplay_1 MotorDriver_1 PushSwitch_1 ServoMotor_1,Black,REDMI,Train
IMG_20240220_135401.jpg,8,9VolteBattery_1 Buzzer_2 ICChip_2 Inductor_2 LCDDisplay_1 MotorDriver_1 PushSwitch_2 ServoMotor_1,Black,REDMI,Train
IMG_20240220_135420.jpg,7,9VolteBattery_1 Buzzer_1 ICChip_2 Inductor_2 LCDDisplay_1 MotorDriver_1 PushSwitch_2,Black,REDMI,Valid
IMG_20240220_135428.jpg,1,Inductor_2,Black,REDMI,Valid
IMG_20240220_135448.jpg,4,9VolteBattery_1 Buzzer_1 ICChip_1 Inductor_1,Black,REDMI,Train
IMG_20240220_135507.jpg,5,9VolteBattery_1 Buzzer_1 ICChip_1 Inductor_1 ServoMotor_1,Black,REDMI,Train
IMG_20240220_135537.jpg,4,ICChip_1 LCDDisplay_1 MotorDriver_1 PushSwitch_1,Black,REDMI,Train
IMG_20240220_135540.jpg,4,ICChip_1 LCDDisplay_1 MotorDriver_1 PushSwitch_1,Black,REDMI,Train
IMG_20240220_135545.jpg,4,ICChip_1 LCDDisplay_1 MotorDriver_1 PushSwitch_1,Black,REDMI,Train
IMG_20240220_135718.jpg,3,9VolteBattery_1 ICChip_1 LCDDisplay_1,Wooden,REDMI,Train
IMG_20240220_135723.jpg,3,9VolteBattery_1 ICChip_1 LCDDisplay_1,Wooden,REDMI,Test
IMG_20240220_135755.jpg,5,Buzzer_1 ICChip_1 Inductor_2 LCDDisplay_1 ServoMotor_1,Wooden,REDMI,Train
IMG_20240220_135806.jpg,6,Buzzer_1 ICChip_2 Inductor_2 LCDDisplay_1 MotorDriver_1 ServoMotor_1,Wooden,REDMI,Train
IMG_20240220_135827.jpg,2,9VoltBattery_1 Buzzer_1,Wooden,REDMI,Valid
IMG_20240220_135834.jpg,3,9VoltBattery_1 Buzzer_1 MotorDriver_1,Wooden,REDMI,Train
IMG20240220114517.jpg,5,BluetoothModule_2 Diode_1 HeatSink_1 HighVoltageCeramicCpacitor_2 RFIDScanner_1,Wooden,ONEPLUS_NORD,Test
IMG20240220114530.jpg,4,BluetoothModule_2 FuseBase_1 HighVoltageCeramicCpacitor_2 RFIDScanner_1,Wooden,ONEPLUS_NORD,Valid
IMG20240220114548.jpg,4,BluetoothModule_2 FuseBase_1 HighVoltageCeramicCpacitor_2 RFIDScanner_1,Wooden,ONEPLUS_NORD,Train
IMG20240220114626.jpg,6,BluetoothModule_2 Diode_1 FuseBase_1 HeatSink_1 HighVoltageCeramicCpacitor_1 RFIDScanner_1,Wooden,ONEPLUS_NORD,Valid
IMG20240220114727.jpg,6,BluetoothModule_2 Diode_1 Fuse_1 FuseBase_1 HeatSink_1 HighVoltageCeramicCpacitor_2,Wooden,ONEPLUS_NORD,Train
IMG20240220114804.jpg,6,BluetoothModule_2 Diode_1 Fuse_1 FuseBase_1 HeatSink_1 HighVoltageCeramicCpacitor_2,Wooden,ONEPLUS_NORD,Train
IMG20240220115011.jpg,7,BluetoothModule_1 Diode_2 Fuse_1 FuseBase_1 HeatSink_1 HighVoltageCeramicCpacitor_1 RFIDScanner_1,Wooden,ONEPLUS_NORD,Train
IMG20240220115100.jpg,4,BluetoothModule_1 Diode_1 Fuse_1 HighVoltageCeramicCpacitor_1,Wooden,ONEPLUS_NORD,Test
IMG20240220115236.jpg,4,BluetoothModule_1 Fuse_1 FuseBase_1 HighVoltageCeramicCpacitor_1,Tile,ONEPLUS_NORD,Valid
IMG20240220115305.jpg,5,Diode_1 Fuse_1 FuseBase_1 HeatSink_1 RFIDScanner_1,Tile,ONEPLUS_NORD,Valid
IMG20240220115311.jpg,5,Diode_1 Fuse_1 FuseBase_1 HeatSink_1 RFIDScanner_1,Tile,ONEPLUS_NORD,Train
IMG20240220115433.jpg,5,BluetoothModule_2 Diode_3 FuseBase_1 HeatSink_1 RFIDScanner_1,Tile,ONEPLUS_NORD,Train
IMG20240220115520.jpg,6,BluetoothModule_1 Diode_1 Fuse_1 HeatSink_1 HighVoltageCeramicCpacitor_2 RFIDScanner_1,Tile,ONEPLUS_NORD,Train
IMG20240220115628.jpg,6,BluetoothModule_2 Diode_1 Fuse_1 HeatSink_1 HighVoltageCeramicCpacitor_2 RFIDScanner_1,Tile,ONEPLUS_NORD,Valid
IMG20240220115805.jpg,6,BluetoothModule_2 Diode_1 Fuse_1 HeatSink_1 HighVoltageCeramicCpacitor_2 RFIDScanner_1,Tile,ONEPLUS_NORD,Train
IMG20240220115829.jpg,6,BluetoothModule_2 Fuse_1 FuseBase_1 HeatSink_1 HighVoltageCeramicCpacitor_1 RFIDScanner_1,Tile,ONEPLUS_NORD,Train
IMG20240220115854.jpg,6,BluetoothModule_2 Fuse_1 FuseBase_1 HeatSink_1 HighVoltageCeramicCpacitor_1 RFIDScanner_1,Tile,ONEPLUS_NORD,Valid
IMG20240220120113.jpg,6,BluetoothModule_1 Diode_1 Fuse_1 FuseBase_1 HighVoltageCeramicCpacitor_2 RFIDScanner_1,Tile,ONEPLUS_NORD,Train
IMG20240220120321.jpg,6,BluetoothModule_1 Diode_1 Fuse_1 HeatSink_1 HighVoltageCeramicCpacitor_1 RFIDScanner_1,Tile,ONEPLUS_NORD,Valid
IMG20240220120353.jpg,6,BluetoothModule_1 Diode_3 Fuse_1 HeatSink_1 HighVoltageCeramicCpacitor_1 RFIDScanner_1,Tile,ONEPLUS_NORD,Train
IMG20240220120402.jpg,6,BluetoothModule_1 Diode_3 Fuse_1 HeatSink_1 HighVoltageCeramicCpacitor_1 RFIDScanner_1,Tile,ONEPLUS_NORD,Train
IMG20240220120525.jpg,6,BluetoothModule_1 Fuse_1 FuseBase_1 HeatSink_1 HighVoltageCeramicCpacitor_1 RFIDScanner_1,Tile,ONEPLUS_NORD,Valid
IMG20240220120706.jpg,6,BluetoothModule_1 Fuse_1 FuseBase_1 HeatSink_1 HighVoltageCeramicCpacitor_1 RFIDScanner_1,Tile,ONEPLUS_NORD,Test
IMG20240220120712.jpg,6,BluetoothModule_1 Fuse_1 FuseBase_1 HeatSink_1 HighVoltageCeramicCpacitor_1 RFIDScanner_1,Tile,ONEPLUS_NORD,Test
IMG20240220121103.jpg,6,BluetoothModule_2 Diode_1 Fuse_1 FuseBase_1 HeatSink_1 HighVoltageCeramicCpacitor_1,Black,ONEPLUS_NORD,Train
IMG20240220121114.jpg,6,BluetoothModule_2 Diode_1 Fuse_1 FuseBase_1 HeatSink_1 HighVoltageCeramicCpacitor_1,Black,ONEPLUS_NORD,Train
IMG20240220121249.jpg,6,BluetoothModule_1 Diode_1 Fuse_1 FuseBase_1 HeatSink_1 HighVoltageCeramicCpacitor_1,Black,ONEPLUS_NORD,Valid
IMG20240220121315.jpg,6,BluetoothModule_1 Diode_1 Fuse_1 FuseBase_1 HeatSink_1 HighVoltageCeramicCpacitor_1,Black,ONEPLUS_NORD,Train
IMG20240220121408.jpg,4,BluetoothModule_1 Diode_1 HighVoltageCeramicCpacitor_1 RFIDScanner_1,Black,ONEPLUS_NORD,Train
IMG20240220121429.jpg,5,BluetoothModule_1 Diode_1 FuseBase_1 HeatSink_1 HighVoltageCeramicCpacitor_1,Black,ONEPLUS_NORD,Train
IMG20240220121458.jpg,4,Diode_1 FuseBase_1 HeatSink_1 HighVoltageCeramicCpacitor_1,Black,ONEPLUS_NORD,Train
IMG20240220121511.jpg,4,Diode_1 FuseBase_1 HeatSink_1 HighVoltageCeramicCpacitor_1,Black,ONEPLUS_NORD,Train
IMG20240220121528.jpg,4,Diode_1 FuseBase_1 HeatSink_1 HighVoltageCeramicCpacitor_1,Black,ONEPLUS_NORD,Train
IMG20240220121605.jpg,4,Fuse_1 FuseBase_1 HeatSink_1 HighVoltageCeramicCpacitor_1,Black,ONEPLUS_NORD,Train
IMG20240220121621.jpg,4,Fuse_1 FuseBase_1 HeatSink_1 HighVoltageCeramicCpacitor_1,Black,ONEPLUS_NORD,Train
IMG20240220121641.jpg,4,Fuse_1 FuseBase_1 HeatSink_1 HighVoltageCeramicCpacitor_1,Black,ONEPLUS_NORD,Train
IMG20240220121646.jpg,4,Fuse_1 FuseBase_1 HeatSink_1 HighVoltageCeramicCpacitor_1,Black,ONEPLUS_NORD,Train
IMG20240220121750.jpg,3,Diode_3 Fuse_1 HighVoltageCeramicCpacitor_1,Black,ONEPLUS_NORD,Train
IMG20240220121756.jpg,3,Diode_3 Fuse_1 HighVoltageCeramicCpacitor_1,Black,ONEPLUS_NORD,Train
IMG20240220122153.jpg,7,BluetoothModule_1 Diode_1 Fuse_1 FuseBase_1 HeatSink_1 HighVoltageCeramicCpacitor_1 RFIDScanner_1,Wooden,ONEPLUS_NORD,Train
IMG20240220122236.jpg,7,BluetoothModule_1 Diode_1 Fuse_1 FuseBase_1 HeatSink_1 HighVoltageCeramicCpacitor_1 RFIDScanner_1,Wooden,ONEPLUS_NORD,Train
IMG20240220122330.jpg,6,Diode_1 Fuse_1 FuseBase_1 HeatSink_1 HighVoltageCeramicCpacitor_1 RFIDScanner_1,Wooden,ONEPLUS_NORD,Train
IMG20240220114456.jpg,5,BluetoothModule_2 Diode_1 HeatSink_1 HighVoltageCeramicCpacitor_2 RFIDScanner_1,Wooden,ONEPLUS_NORD,Valid
IMG20240220114538.jpg,4,BluetoothModule_2 FuseBase_1 HighVoltageCeramicCpacitor_2 RFIDScanner_1,Wooden,ONEPLUS_NORD,Train
IMG20240220114741.jpg,6,BluetoothModule_2 Diode_1 Fuse_1 FuseBase_1 HeatSink_1 HighVoltageCeramicCpacitor_2,Wooden,ONEPLUS_NORD,Test
IMG20240220115056.jpg,4,BluetoothModule_1 Diode_1 Fuse_1 HighVoltageCeramicCpacitor_1,Wooden,ONEPLUS_NORD,Train
IMG20240220115109.jpg,4,BluetoothModule_1 Diode_1 Fuse_1 HighVoltageCeramicCpacitor_1,Wooden,ONEPLUS_NORD,Test
IMG20240220115220.jpg,4,BluetoothModule_1 Fuse_1 FuseBase_1 HighVoltageCeramicCpacitor_1,Tile,ONEPLUS_NORD,Valid
IMG20240220115326.jpg,5,Diode_1 Fuse_1 FuseBase_1 HeatSink_1 RFIDScanner_1,Tile,ONEPLUS_NORD,Train
IMG20240220115423.jpg,5,BluetoothModule_2 Diode_3 FuseBase_1 HeatSink_1 RFIDScanner_1,Tile,ONEPLUS_NORD,Train
IMG20240220115509.jpg,6,BluetoothModule_1 Diode_1 Fuse_1 HeatSink_1 HighVoltageCeramicCpacitor_2 RFIDScanner_1,Tile,ONEPLUS_NORD,Train
IMG20240220115613.jpg,6,BluetoothModule_2 Diode_1 Fuse_1 HeatSink_1 HighVoltageCeramicCpacitor_2 RFIDScanner_1,Tile,ONEPLUS_NORD,Train
IMG20240220115659.jpg,6,BluetoothModule_2 Diode_1 Fuse_1 HeatSink_1 HighVoltageCeramicCpacitor_2 RFIDScanner_1,Tile,ONEPLUS_NORD,Train
IMG20240220115710.jpg,6,BluetoothModule_2 Diode_1 Fuse_1 HeatSink_1 HighVoltageCeramicCpacitor_2 RFIDScanner_1,Tile,ONEPLUS_NORD,Train
IMG20240220115900.jpg,6,BluetoothModule_2 Fuse_1 FuseBase_1 HeatSink_1 HighVoltageCeramicCpacitor_1 RFIDScanner_1,Tile,ONEPLUS_NORD,Train
IMG20240220115915.jpg,6,BluetoothModule_2 Fuse_1 FuseBase_1 HeatSink_1 HighVoltageCeramicCpacitor_1 RFIDScanner_1,Tile,ONEPLUS_NORD,Valid
IMG20240220120021.jpg,6,BluetoothModule_1 Diode_1 Fuse_1 FuseBase_1 HighVoltageCeramicCpacitor_2 RFIDScanner_1,Tile,ONEPLUS_NORD,Valid
IMG20240220120325.jpg,6,BluetoothModule_1 Diode_1 Fuse_1 HeatSink_1 HighVoltageCeramicCpacitor_1 RFIDScanner_1,Tile,ONEPLUS_NORD,Valid
IMG20240220120328.jpg,6,BluetoothModule_1 Diode_1 Fuse_1 HeatSink_1 HighVoltageCeramicCpacitor_1 RFIDScanner_1,Tile,ONEPLUS_NORD,Train
IMG20240220120432.jpg,6,BluetoothModule_1 Diode_3 Fuse_1 HeatSink_1 HighVoltageCeramicCpacitor_1 RFIDScanner_1,Tile,ONEPLUS_NORD,Test
IMG20240220120453.jpg,6,BluetoothModule_1 Fuse_1 FuseBase_1 HeatSink_1 HighVoltageCeramicCpacitor_1 RFIDScanner_1,Tile,ONEPLUS_NORD,Train
IMG20240220120634.jpg,6,BluetoothModule_1 Fuse_1 FuseBase_1 HeatSink_1 HighVoltageCeramicCpacitor_1 RFIDScanner_1,Tile,ONEPLUS_NORD,Train
IMG20240220120801.jpg,7,BluetoothModule_2 Diode_2 Fuse_1 FuseBase_1 HeatSink_1 HighVoltageCeramicCpacitor_1 RFIDScanner_1,Tile,ONEPLUS_NORD,Train
IMG20240220120808.jpg,7,BluetoothModule_2 Diode_2 Fuse_1 FuseBase_1 HeatSink_1 HighVoltageCeramicCpacitor_1 RFIDScanner_1,Tile,ONEPLUS_NORD,Train
IMG20240220120856.jpg,7,BluetoothModule_1 Diode_2 Fuse_1 FuseBase_1 HeatSink_1 HighVoltageCeramicCpacitor_1 RFIDScanner_1,Tile,ONEPLUS_NORD,Train
IMG20240220120900.jpg,7,BluetoothModule_1 Diode_2 Fuse_1 FuseBase_1 HeatSink_1 HighVoltageCeramicCpacitor_1 RFIDScanner_1,Tile,ONEPLUS_NORD,Train
IMG20240220121138.jpg,6,BluetoothModule_2 Diode_1 Fuse_1 FuseBase_1 HeatSink_1 HighVoltageCeramicCpacitor_1,Black,ONEPLUS_NORD,Train
IMG20240220121238.jpg,6,BluetoothModule_1 Diode_1 Fuse_1 FuseBase_1 HeatSink_1 HighVoltageCeramicCpacitor_1,Black,ONEPLUS_NORD,Train
IMG20240220121305.jpg,6,BluetoothModule_1 Diode_1 Fuse_1 FuseBase_1 HeatSink_1 HighVoltageCeramicCpacitor_1,Black,ONEPLUS_NORD,Valid
IMG20240220121322.jpg,4,BluetoothModule_1 Diode_2 HighVoltageCeramicCpacitor_1 RFIDScanner_1,Black,ONEPLUS_NORD,Train
IMG20240220121349.jpg,4,BluetoothModule_1 Diode_1 HighVoltageCeramicCpacitor_1 RFIDScanner_1,Black,ONEPLUS_NORD,Train
IMG20240220121412.jpg,4,BluetoothModule_1 Diode_1 HighVoltageCeramicCpacitor_1 RFIDScanner_1,Black,ONEPLUS_NORD,Train
IMG20240220121541.jpg,4,Diode_1 FuseBase_1 HeatSink_1 HighVoltageCeramicCpacitor_1,Black,ONEPLUS_NORD,Train
IMG20240220121703.jpg,4,Fuse_1 FuseBase_1 HeatSink_1 HighVoltageCeramicCpacitor_1,Black,ONEPLUS_NORD,Test
IMG20240220121800.jpg,3,Diode_3 Fuse_1 HighVoltageCeramicCpacitor_1,Black,ONEPLUS_NORD,Train
IMG20240220122108.jpg,6,BluetoothModule_1 Diode_1 Fuse_1 FuseBase_1 HeatSink_1 HighVoltageCeramicCpacitor_1,Wooden,ONEPLUS_NORD,Train
IMG20240220122124.jpg,6,BluetoothModule_1 Diode_1 Fuse_1 FuseBase_1 HeatSink_1 HighVoltageCeramicCpacitor_1,Wooden,ONEPLUS_NORD,Valid
IMG20240220122137.jpg,6,BluetoothModule_1 Diode_1 Fuse_1 FuseBase_1 HeatSink_1 HighVoltageCeramicCpacitor_1,Wooden,ONEPLUS_NORD,Train
IMG20240220122146.jpg,7,BluetoothModule_1 Diode_1 Fuse_1 FuseBase_1 HeatSink_1 HighVoltageCeramicCpacitor_1 RFIDScanner_1,Wooden,ONEPLUS_NORD,Train
IMG20240220122219.jpg,7,BluetoothModule_1 Diode_1 Fuse_1 FuseBase_1 HeatSink_1 HighVoltageCeramicCpacitor_1 RFIDScanner_1,Wooden,ONEPLUS_NORD,Train
IMG20240220122231.jpg,7,BluetoothModule_1 Diode_1 Fuse_1 FuseBase_1 HeatSink_1 HighVoltageCeramicCpacitor_1 RFIDScanner_1,Wooden,ONEPLUS_NORD,Valid
IMG20240220122259.jpg,6,Diode_2 Fuse_1 FuseBase_1 HeatSink_1 HighVoltageCeramicCpacitor_2 RFIDScanner_1,Wooden,ONEPLUS_NORD,Train
IMG20240220122320.jpg,6,Diode_1 Fuse_1 FuseBase_1 HeatSink_1 HighVoltageCeramicCpacitor_1 RFIDScanner_1,Wooden,ONEPLUS_NORD,Train
IMG20240220122323.jpg,6,Diode_1 Fuse_1 FuseBase_1 HeatSink_1 HighVoltageCeramicCpacitor_1 RFIDScanner_1,Wooden,ONEPLUS_NORD,Valid
IMG20240220133619.jpg,7,9VolteBattery_1 Buzzer_2 ICChip_1 Inductor_2 LCDDisplay_1 MotorDriver_1 PushSwitch_1,Wooden,X,Test
IMG20240220133631.jpg,8,9VolteBattery_1 Buzzer_2 ICChip_1 Inductor_2 LCDDisplay_1 MotorDriver_1 PushSwitch_1 ServoMotor_1,Wooden,X,Valid
IMG20240220133705.jpg,5,Buzzer_2 ICChip_2 Inductor_2 LCDDisplay_1 PushSwitch_2,Wooden,X,Valid
IMG20240220133745.jpg,5,Buzzer_1 ICChip_1 Inductor_2 LCDDisplay_1 PushSwitch_2,Wooden,X,Train
IMG20240220133803.jpg,6,9VolteBattery_1 Buzzer_1 ICChip_1 Inductor_2 PushSwitch_2 ServoMotor_1,Wooden,X,Train
IMG20240220133809.jpg,6,9VolteBattery_1 Buzzer_1 ICChip_1 Inductor_2 PushSwitch_2 ServoMotor_1,Wooden,X,Train
IMG20240220133817.jpg,6,9VolteBattery_1 Buzzer_1 ICChip_1 Inductor_2 PushSwitch_2 ServoMotor_1,Wooden,X,Train
IMG20240220133854.jpg,7,9VolteBattery_1 Buzzer_1 ICChip_1 Inductor_1 MotorDriver_1 PushSwitch_1 ServoMotor_1,Wooden,X,Test
IMG20240220134015.jpg,6,9VolteBattery_1 Buzzer_1 ICChip_1 Inductor_2 LCDDisplay_1 PushSwitch_1,Tile,X,Valid
IMG20240220134046.jpg,7,9VolteBattery_1 Buzzer_1 ICChip_1 Inductor_2 LCDDisplay_1 PushSwitch_1 ServoMotor_1,Tile,X,Valid
IMG20240220134102.jpg,6,9VolteBattery_1 Buzzer_1 ICChip_1 Inductor_2 PushSwitch_1 ServoMotor_1,Tile,X,Train
IMG20240220134138.jpg,7,9VolteBattery_1 Buzzer_2 ICChip_1 Inductor_1 LCDDisplay_1 PushSwitch_1 ServoMotor_1,Tile,X,Train
IMG20240220134151.jpg,7,9VolteBattery_1 Buzzer_2 ICChip_1 Inductor_1 LCDDisplay_1 PushSwitch_1 ServoMotor_1,Tile,X,Train
IMG20240220134256.jpg,6,9VolteBattery_1 Buzzer_1 ICChip_2 MotorDriver_1 PushSwitch_2 ServoMotor_1,Tile,X,Train
IMG20240220134301.jpg,6,9VolteBattery_1 Buzzer_1 ICChip_2 MotorDriver_1 PushSwitch_2 ServoMotor_1,Tile,X,Train
IMG20240220134404.jpg,6,9VolteBattery_1 Buzzer_1 ICChip_2 LCDDisplay_1 PushSwitch_2 ServoMotor_1,Tile,X,Train
IMG20240220134408.jpg,6,9VolteBattery_1 Buzzer_1 ICChip_2 LCDDisplay_1 PushSwitch_2 ServoMotor_1,Tile,X,Train
IMG20240220134414.jpg,6,9VolteBattery_1 Buzzer_1 ICChip_2 LCDDisplay_1 PushSwitch_2 ServoMotor_1,Tile,X,Train
IMG20240220134424.jpg,6,9VolteBattery_1 Buzzer_1 ICChip_2 LCDDisplay_1 PushSwitch_2 ServoMotor_1,Tile,X,Train
IMG20240220134531.jpg,7,9VolteBattery_1 Buzzer_1 ICChip_2 Inductor_1 LCDDisplay_1 PushSwitch_2 ServoMotor_1,Tile,X,Train
IMG20240220134537.jpg,7,9VolteBattery_1 Buzzer_1 ICChip_2 Inductor_1 LCDDisplay_1 PushSwitch_2 ServoMotor_1,Tile,X,Test
IMG20240220134801.jpg,5,Buzzer_1 Inductor_1 LCDDisplay_1 MotorDriver_1 PushSwitch_1,Tile,X,Train
IMG20240220134809.jpg,5,Buzzer_1 Inductor_1 LCDDisplay_1 MotorDriver_1 PushSwitch_1,Tile,X,Train
IMG20240220134852.jpg,5,9VolteBattery_1 ICChip_1 LCDDisplay_1 MotorDriver_1 ServoMotor_1,Tile,X,Valid
IMG20240220134904.jpg,5,9VolteBattery_1 ICChip_1 LCDDisplay_1 MotorDriver_1 ServoMotor_1,Tile,X,Train
IMG20240220134936.jpg,5,9VolteBattery_1 ICChip_1 Inductor_2 LCDDisplay_1 ServoMotor_1,Tile,X,Valid
IMG20240220135239.jpg,5,Buzzer_1 ICChip_1 LCDDisplay_1 PushSwitch_2 ServoMotor_1,Black,X,Train
IMG20240220135244.jpg,5,9VolteBattery_1 Buzzer_1 ICChip_1 Inductor_2 MotorDriver_1,Black,X,Test
IMG20240220135313.jpg,8,9VolteBattery_1 Buzzer_2 ICChip_2 Inductor_2 LCDDisplay_1 MotorDriver_1 PushSwitch_2 ServoMotor_1,Black,X,Train
IMG20240220135324.jpg,8,9VolteBattery_1 Buzzer_2 ICChip_2 Inductor_2 LCDDisplay_1 MotorDriver_1 PushSwitch_2 ServoMotor_1,Black,X,Train
IMG20240220135357.jpg,8,9VolteBattery_1 Buzzer_2 ICChip_2 Inductor_2 LCDDisplay_1 MotorDriver_1 PushSwitch_2 ServoMotor_1,Black,X,Train
IMG20240220135414.jpg,8,9VolteBattery_1 Buzzer_2 ICChip_2 Inductor_2 LCDDisplay_1 MotorDriver_1 PushSwitch_2 ServoMotor_1,Black,X,Valid
IMG20240220135518.jpg,4,Buzzer_1 ICChip_1 Inductor_1 PushSwitch_1,Black,X,Train
IMG20240220135539.jpg,6,9VolteBattery_1 Buzzer_1 ICChip_1 Inductor_2 PushSwitch_1 ServoMotor_1,Black,X,Train
IMG20240220135548.jpg,6,9VolteBattery_1 Buzzer_1 ICChip_1 Inductor_2 PushSwitch_1 ServoMotor_1,Black,X,Train
IMG20240220135629.jpg,5,Buzzer_1 ICChip_1 Inductor_2 MotorDriver_1 ServoMotor_1,Black,X,Train
IMG20240220135633.jpg,5,Buzzer_1 ICChip_1 Inductor_2 MotorDriver_1 ServoMotor_1,Black,X,Train
IMG20240220135926.jpg,5,9VolteBattery_1 Buzzer_1 ICChip_1 MotorDriver_1 ServoMotor_1,Wooden,X,Valid
IMG20240220135937.jpg,6,9VolteBattery_1 Buzzer_1 ICChip_1 Inductor_1 MotorDriver_1 ServoMotor_1,Wooden,X,Train
IMG20240220133541.jpg,5,9VolteBattery_1 Inductor_1 LCDDisplay_1 MotorDriver_1 PushSwitch_1,Wooden,X,Train
IMG20240220133847.jpg,7,9VolteBattery_1 Buzzer_1 ICChip_1 Inductor_1 MotorDriver_1 PushSwitch_1 ServoMotor_1,Wooden,X,Train
IMG20240220134019.jpg,6,9VolteBattery_1 Buzzer_1 ICChip_1 Inductor_2 LCDDisplay_1 PushSwitch_1,Tile,X,Train
IMG20240220134040.jpg,7,9VolteBattery_1 Buzzer_1 ICChip_1 Inductor_2 LCDDisplay_1 PushSwitch_1 ServoMotor_1,Tile,X,Train
IMG20240220134200.jpg,7,9VolteBattery_1 Buzzer_2 ICChip_1 Inductor_1 LCDDisplay_1 PushSwitch_1 ServoMotor_1,Tile,X,Train
IMG20240220134311.jpg,6,9VolteBattery_1 Buzzer_1 ICChip_2 MotorDriver_1 PushSwitch_2 ServoMotor_1,Tile,X,Test
IMG20240220134439.jpg,6,9VolteBattery_1 Buzzer_1 ICChip_2 LCDDisplay_1 PushSwitch_2 ServoMotor_1,Tile,X,Train
IMG20240220134510.jpg,6,9VolteBattery_1 Buzzer_1 ICChip_2 LCDDisplay_1 PushSwitch_2 ServoMotor_1,Tile,X,Train
IMG20240220134527.jpg,7,9VolteBattery_1 Buzzer_1 ICChip_2 Inductor_1 LCDDisplay_1 PushSwitch_2 ServoMotor_1,Tile,X,Valid
IMG20240220134608.jpg,6,Buzzer_2 ICChip_2 Inductor_1 LCDDisplay_1 PushSwitch_2 ServoMotor_1,Tile,X,Train
IMG20240220134618.jpg,6,Buzzer_2 ICChip_2 Inductor_1 LCDDisplay_1 PushSwitch_2 ServoMotor_1,Tile,X,Train
IMG20240220134651.jpg,6,Buzzer_1 ICChip_2 Inductor_2 LCDDisplay_1 PushSwitch_2 ServoMotor_1,Tile,X,Test
IMG20240220134657.jpg,6,Buzzer_1 ICChip_2 Inductor_2 LCDDisplay_1 PushSwitch_2 ServoMotor_1,Tile,X,Valid
IMG20240220134719.jpg,5,Buzzer_1 ICChip_2 Inductor_1 LCDDisplay_1 PushSwitch_2,Tile,X,Test
IMG20240220134725.jpg,5,Buzzer_1 ICChip_2 Inductor_1 LCDDisplay_1 PushSwitch_2,Tile,X,Valid
IMG20240220134733.jpg,5,Buzzer_1 ICChip_2 Inductor_1 LCDDisplay_1 PushSwitch_2,Tile,X,Train
IMG20240220134757.jpg,5,Buzzer_1 Inductor_1 LCDDisplay_1 MotorDriver_1 PushSwitch_1,Tile,X,Train
IMG20240220134815.jpg,5,Buzzer_1 Inductor_1 LCDDisplay_1 MotorDriver_1 PushSwitch_1,Tile,X,Valid
IMG20240220134841.jpg,3,ICChip_1 MotorDriver_3 ServoMotor_1,Tile,X,Train
IMG20240220134845.jpg,5,9VolteBattery_1 ICChip_1 LCDDisplay_1 MotorDriver_1 ServoMotor_1,Tile,X,Train
IMG20240220135003.jpg,5,9VolteBattery_1 ICChip_1 Inductor_2 LCDDisplay_1 ServoMotor_1,Tile,X,Test
IMG20240220135008.jpg,5,9VolteBattery_1 ICChip_1 Inductor_2 LCDDisplay_1 ServoMotor_1,Tile,X,Train
IMG20240220135041.jpg,5,9VolteBattery_1 ICChip_1 Inductor_2 LCDDisplay_1 ServoMotor_1,Tile,X,Train
IMG20240220135044.jpg,5,9VolteBattery_1 ICChip_1 Inductor_2 LCDDisplay_1 ServoMotor_1,Tile,X,Train
IMG20240220135251.jpg,4,9VolteBattery_1 Buzzer_1 Inductor_2 MotorDriver_1,Black,X,Valid
IMG20240220135303.jpg,8,9VolteBattery_1 Buzzer_2 ICChip_2 Inductor_2 LCDDisplay_1 MotorDriver_1 PushSwitch_2 ServoMotor_1,Black,X,Train
IMG20240220135346.jpg,8,9VolteBattery_1 Buzzer_2 ICChip_2 Inductor_2 LCDDisplay_1 MotorDriver_1 PushSwitch_2 ServoMotor_1,Black,X,Train
IMG20240220135358.jpg,8,9VolteBattery_1 Buzzer_2 ICChip_2 Inductor_2 LCDDisplay_1 MotorDriver_1 PushSwitch_2 ServoMotor_1,Black,X,Train
IMG20240220135421.jpg,8,9VolteBattery_1 Buzzer_2 ICChip_2 Inductor_2 LCDDisplay_1 MotorDriver_1 PushSwitch_2 ServoMotor_1,Black,X,Train
IMG20240220135435.jpg,3,Buzzer_1 ICChip_2 PushSwitch_1,Black,X,Train
IMG20240220135456.jpg,4,Buzzer_1 ICChip_1 Inductor_1 PushSwitch_1,Black,X,Train
IMG20240220135511.jpg,4,Buzzer_1 ICChip_1 Inductor_1 PushSwitch_1,Black,X,Train
IMG20240220135617.jpg,5,Buzzer_1 ICChip_1 Inductor_2 PushSwitch_1 ServoMotor_1,Black,X,Train
IMG20240220135847.jpg,3,9VolteBattery_1 Buzzer_1 MotorDriver_1,Wooden,X,Train
IMG20240220135853.jpg,6,Buzzer_1 ICChip_2 Inductor_2 LCDDisplay_1 PushSwitch_2 ServoMotor_1,Wooden,X,Train
IMG20240220135905.jpg,5,Buzzer_1 ICChip_3 Inductor_2 PushSwitch_2 ServoMotor_1,Wooden,X,Valid
IMG20240220135910.jpg,6,Buzzer_1 ICChip_2 Inductor_2 LCDDisplay_1 PushSwitch_2 ServoMotor_1,Wooden,X,Valid
IMG_5128.JPG,5,ESP32_1 GasSensor_1 LEDLight_1 OLEDDisplay_1 SonarSensor_1,Wooden,iPhone,Train
IMG_5241.JPG,6,ArduinoUno_1 ESP32_1 GasSensor_2 LEDLight_2 OLEDDisplay_2 SonarSensor_1,Black,iPhone,Valid
IMG_5296.JPG,4,ArduinoUno_2 ESP32_1 LEDLight_2 OLEDDisplay_2,Black,iPhone,Test
IMG_5321.JPG,3,ArduinoUno_2 ESP32_1 OLEDDisplay_2,Wooden,iPhone,Train
IMG_5322.JPG,3,ArduinoUno_2 ESP32_1 OLEDDisplay_2,Wooden,iPhone,Train
IMG_5323.JPG,3,ArduinoUno_2 ESP32_1 OLEDDisplay_2,Wooden,iPhone,Train
IMG_5126.JPG,5,ESP32_1 GasSensor_1 LEDLight_1 OLEDDisplay_1 SonarSensor_1,Wooden,iPhone,Train
IMG_5127.JPG,5,ESP32_1 GasSensor_1 LEDLight_1 OLEDDisplay_1 SonarSensor_1,Wooden,iPhone,Train
IMG_5240.JPG,6,ArduinoUno_1 ESP32_1 GasSensor_2 LEDLight_2 OLEDDisplay_2 SonarSensor_1,Black,iPhone,Test
IMG_5242.JPG,6,ArduinoUno_1 ESP32_1 GasSensor_2 LEDLight_2 OLEDDisplay_2 SonarSensor_1,Black,iPhone,Train
IMG_5294.JPG,4,ArduinoUno_2 ESP32_1 LEDLight_2 OLEDDisplay_2,Black,iPhone,Train
IMG_5295.JPG,4,ArduinoUno_2 ESP32_1 LEDLight_2 OLEDDisplay_2,Black,iPhone,Valid
IMG_5130.JPG,5,ESP32_1 GasSensor_1 LEDLight_1 OLEDDisplay_1 SonarSensor_1,Wooden,iPhone,Train
IMG_5131.JPG,5,ESP32_1 GasSensor_1 LEDLight_1 OLEDDisplay_1 SonarSensor_1,Wooden,iPhone,Train
IMG_5180.JPG,5,ESP32_1 GasSensor_1 LEDLight_1 OLEDDisplay_1 SonarSensor_1,Black,iPhone,Train
IMG_5218.JPG,5,ArduinoUno_1 ESP32_1 GasSensor_1 LEDLight_2 OLEDDisplay_1,Black,iPhone,Train
IMG_5246.JPG,5,ArduinoUno_2 ESP32_1 LEDLight_2 OLEDDisplay_2 SonarSensor_1,Wooden,iPhone,Valid
IMG_5268.JPG,5,ArduinoUno_2 ESP32_1 LEDLight_2 OLEDDisplay_2 SonarSensor_1,Tile,iPhone,Test
IMG_5272.JPG,5,ArduinoUno_2 ESP32_1 LEDLight_2 OLEDDisplay_2 SonarSensor_1,Tile,iPhone,Train
IMG_5274.JPG,5,ArduinoUno_2 ESP32_1 LEDLight_2 OLEDDisplay_2 SonarSensor_1,Tile,iPhone,Train
IMG_5281.JPG,4,ArduinoUno_2 ESP32_1 LEDLight_2 OLEDDisplay_2,Tile,iPhone,Valid
IMG_5285.JPG,4,ArduinoUno_2 ESP32_1 LEDLight_2 OLEDDisplay_2,Tile,iPhone,Train
IMG_5303.JPG,4,ArduinoUno_2 ESP32_1 LEDLight_2 OLEDDisplay_2,Wooden,iPhone,Train
IMG_5129.JPG,5,ESP32_1 GasSensor_1 LEDLight_1 OLEDDisplay_1 SonarSensor_1,Wooden,iPhone,Train
IMG_5132.JPG,5,ESP32_1 GasSensor_1 LEDLight_1 OLEDDisplay_1 SonarSensor_1,Wooden,iPhone,Train
IMG_5133.JPG,5,ESP32_1 GasSensor_1 LEDLight_1 OLEDDisplay_1 SonarSensor_1,Wooden,iPhone,Train
IMG_5135.JPG,5,ESP32_1 GasSensor_1 LEDLight_1 OLEDDisplay_1 SonarSensor_1,Wooden,iPhone,Train
IMG_5138.JPG,5,ESP32_1 GasSensor_1 LEDLight_1 OLEDDisplay_1 SonarSensor_1,Wooden,iPhone,Train
IMG_5142.JPG,5,ESP32_1 GasSensor_1 LEDLight_1 OLEDDisplay_1 SonarSensor_1,Wooden,iPhone,Train
IMG_5143.JPG,5,ESP32_1 GasSensor_1 LEDLight_1 OLEDDisplay_1 SonarSensor_1,Tile,iPhone,Valid
IMG_5145.JPG,5,ESP32_1 GasSensor_1 LEDLight_1 OLEDDisplay_1 SonarSensor_1,Tile,iPhone,Train
IMG_5146.JPG,5,ESP32_1 GasSensor_1 LEDLight_1 OLEDDisplay_1 SonarSensor_1,Tile,iPhone,Test
IMG_5147.JPG,5,ESP32_1 GasSensor_1 LEDLight_1 OLEDDisplay_1 SonarSensor_1,Tile,iPhone,Valid
IMG_5149.JPG,5,ESP32_1 GasSensor_1 LEDLight_1 OLEDDisplay_1 SonarSensor_1,Tile,iPhone,Valid
IMG_5151.JPG,5,ESP32_1 GasSensor_1 LEDLight_1 OLEDDisplay_1 SonarSensor_1,Tile,iPhone,Train
IMG_5153.JPG,5,ESP32_1 GasSensor_1 LEDLight_1 OLEDDisplay_1 SonarSensor_1,Tile,iPhone,Train
IMG_5155.JPG,5,ESP32_1 GasSensor_1 LEDLight_1 OLEDDisplay_1 SonarSensor_1,Tile,iPhone,Train
IMG_5157.JPG,5,ESP32_1 GasSensor_1 LEDLight_1 OLEDDisplay_1 SonarSensor_1,Tile,iPhone,Train
IMG_5158.JPG,5,ESP32_1 GasSensor_1 LEDLight_1 OLEDDisplay_1 SonarSensor_1,Tile,iPhone,Train
IMG_5159.JPG,5,ESP32_1 GasSensor_1 LEDLight_1 OLEDDisplay_1 SonarSensor_1,Tile,iPhone,Train
IMG_5163.JPG,5,ESP32_1 GasSensor_1 LEDLight_1 OLEDDisplay_1 SonarSensor_1,Black,iPhone,Valid
IMG_5164.JPG,5,ESP32_1 GasSensor_1 LEDLight_1 OLEDDisplay_1 SonarSensor_1,Black,iPhone,Train
IMG_5166.JPG,5,ESP32_1 GasSensor_1 LEDLight_1 OLEDDisplay_1 SonarSensor_1,Black,iPhone,Train
IMG_5167.JPG,5,ESP32_1 GasSensor_1 LEDLight_1 OLEDDisplay_1 SonarSensor_1,Black,iPhone,Valid
IMG_5168.JPG,5,ESP32_1 GasSensor_1 LEDLight_1 OLEDDisplay_1 SonarSensor_1,Black,iPhone,Train
IMG_5169.JPG,5,ESP32_1 GasSensor_1 LEDLight_1 OLEDDisplay_1 SonarSensor_1,Black,iPhone,Train
IMG_5172.JPG,5,ESP32_1 GasSensor_1 LEDLight_1 OLEDDisplay_1 SonarSensor_1,Black,iPhone,Train
IMG_5173.JPG,5,ESP32_1 GasSensor_1 LEDLight_1 OLEDDisplay_1 SonarSensor_1,Black,iPhone,Train
IMG_5174.JPG,5,ESP32_1 GasSensor_1 LEDLight_1 OLEDDisplay_1 SonarSensor_1,Black,iPhone,Train
IMG_5177.JPG,5,ESP32_1 GasSensor_1 LEDLight_1 OLEDDisplay_1 SonarSensor_1,Black,iPhone,Train
IMG_5178.JPG,5,ESP32_1 GasSensor_1 LEDLight_1 OLEDDisplay_1 SonarSensor_1,Black,iPhone,Valid
IMG_5179.JPG,5,ESP32_1 GasSensor_1 LEDLight_1 OLEDDisplay_1 SonarSensor_1,Black,iPhone,Train
IMG_5181.JPG,5,ESP32_1 GasSensor_1 LEDLight_1 OLEDDisplay_1 SonarSensor_1,Black,iPhone,Valid
IMG_5182.JPG,5,ESP32_1 GasSensor_1 LEDLight_1 OLEDDisplay_1 SonarSensor_1,Wooden,iPhone,Train
IMG_5185.JPG,5,ESP32_1 GasSensor_1 LEDLight_1 OLEDDisplay_1 SonarSensor_1,Wooden,iPhone,Train
IMG_5190.JPG,5,ESP32_1 GasSensor_1 LEDLight_1 OLEDDisplay_1 SonarSensor_1,Wooden,iPhone,Valid
IMG_5191.JPG,5,ESP32_1 GasSensor_1 LEDLight_1 OLEDDisplay_1 SonarSensor_1,Wooden,iPhone,Train
IMG_5192.JPG,5,ESP32_1 GasSensor_1 LEDLight_1 OLEDDisplay_1 SonarSensor_1,Wooden,iPhone,Valid
IMG_5209.JPG,5,ArduinoUno_1 ESP32_1 GasSensor_1 LEDLight_2 OLEDDisplay_1,Black,iPhone,Train
IMG_5210.JPG,5,ArduinoUno_1 ESP32_1 GasSensor_1 LEDLight_2 OLEDDisplay_1,Black,iPhone,Train
IMG_5212.JPG,5,ArduinoUno_1 ESP32_1 GasSensor_1 LEDLight_2 OLEDDisplay_1,Black,iPhone,Test
IMG_5215.JPG,5,ArduinoUno_1 ESP32_1 GasSensor_1 LEDLight_2 OLEDDisplay_1,Black,iPhone,Train
IMG_5217.JPG,5,ArduinoUno_1 ESP32_1 GasSensor_1 LEDLight_2 OLEDDisplay_1,Black,iPhone,Valid
IMG_5219.JPG,5,ArduinoUno_1 ESP32_1 GasSensor_1 LEDLight_2 OLEDDisplay_1,Black,iPhone,Valid
IMG_5220.JPG,5,ArduinoUno_1 ESP32_1 GasSensor_1 LEDLight_2 OLEDDisplay_1,Black,iPhone,Train
IMG_5222.JPG,5,ArduinoUno_1 ESP32_1 GasSensor_1 LEDLight_2 OLEDDisplay_1,Black,iPhone,Valid
IMG_5223.JPG,5,ArduinoUno_1 ESP32_1 GasSensor_1 LEDLight_2 OLEDDisplay_1,Black,iPhone,Train
IMG_5224.JPG,5,ArduinoUno_1 ESP32_1 GasSensor_1 LEDLight_2 OLEDDisplay_1,Black,iPhone,Train
IMG_5227.JPG,5,ArduinoUno_1 ESP32_1 GasSensor_1 LEDLight_2 OLEDDisplay_1,Black,iPhone,Test
IMG_5228.JPG,5,ArduinoUno_1 ESP32_1 GasSensor_1 LEDLight_2 OLEDDisplay_1,Black,iPhone,Train
IMG_5230.JPG,5,ArduinoUno_1 ESP32_1 GasSensor_1 LEDLight_2 OLEDDisplay_1,Black,iPhone,Train
IMG_5231.JPG,5,ArduinoUno_1 ESP32_1 GasSensor_1 LEDLight_2 OLEDDisplay_1,Black,iPhone,Test
IMG_5235.JPG,6,ArduinoUno_1 ESP32_1 GasSensor_2 LEDLight_2 OLEDDisplay_2 SonarSensor_1,Black,iPhone,Train
IMG_5237.JPG,6,ArduinoUno_1 ESP32_1 GasSensor_2 LEDLight_2 OLEDDisplay_2 SonarSensor_1,Black,iPhone,Train
IMG_5239.JPG,6,ArduinoUno_1 ESP32_1 GasSensor_2 LEDLight_2 OLEDDisplay_2 SonarSensor_1,Black,iPhone,Train
IMG_5245.JPG,5,ArduinoUno_2 ESP32_1 LEDLight_2 OLEDDisplay_2 SonarSensor_1,Wooden,iPhone,Valid
IMG_5247.JPG,5,ArduinoUno_2 ESP32_1 LEDLight_2 OLEDDisplay_2 SonarSensor_1,Wooden,iPhone,Train
IMG_5249.JPG,5,ArduinoUno_2 ESP32_1 LEDLight_2 OLEDDisplay_2 SonarSensor_1,Wooden,iPhone,Valid
IMG_5250.JPG,5,ArduinoUno_2 ESP32_1 LEDLight_2 OLEDDisplay_2 SonarSensor_1,Wooden,iPhone,Test
IMG_5251.JPG,5,ArduinoUno_2 ESP32_1 LEDLight_2 OLEDDisplay_2 SonarSensor_1,Wooden,iPhone,Train
IMG_5252.JPG,5,ArduinoUno_2 ESP32_1 LEDLight_2 OLEDDisplay_2 SonarSensor_1,Wooden,iPhone,Train
IMG_5253.JPG,5,ArduinoUno_2 ESP32_1 LEDLight_2 OLEDDisplay_2 SonarSensor_1,Wooden,iPhone,Train
IMG_5254.JPG,5,ArduinoUno_2 ESP32_1 LEDLight_2 OLEDDisplay_2 SonarSensor_1,Wooden,iPhone,Train
IMG_5258.JPG,5,ArduinoUno_2 ESP32_1 LEDLight_2 OLEDDisplay_2 SonarSensor_1,Wooden,iPhone,Test
IMG_5260.JPG,5,ArduinoUno_2 ESP32_1 LEDLight_2 OLEDDisplay_2 SonarSensor_1,Wooden,iPhone,Train
IMG_5262.JPG,5,ArduinoUno_2 ESP32_1 LEDLight_2 OLEDDisplay_2 SonarSensor_1,Wooden,iPhone,Valid
IMG_5263.JPG,5,ArduinoUno_2 ESP32_1 LEDLight_2 OLEDDisplay_2 SonarSensor_1,Wooden,iPhone,Train
IMG_5264.JPG,5,ArduinoUno_2 ESP32_1 LEDLight_2 OLEDDisplay_2 SonarSensor_1,Wooden,iPhone,Train
IMG_5267.JPG,5,ArduinoUno_2 ESP32_1 LEDLight_2 OLEDDisplay_2 SonarSensor_1,Wooden,iPhone,Train
IMG_5270.JPG,5,ArduinoUno_2 ESP32_1 LEDLight_2 OLEDDisplay_2 SonarSensor_1,Tile,iPhone,Train
IMG_5271.JPG,5,ArduinoUno_2 ESP32_1 LEDLight_2 OLEDDisplay_2 SonarSensor_1,Tile,iPhone,Train
IMG_5273.JPG,5,ArduinoUno_2 ESP32_1 LEDLight_2 OLEDDisplay_2 SonarSensor_1,Tile,iPhone,Train
IMG_5276.JPG,5,ArduinoUno_2 ESP32_1 LEDLight_2 OLEDDisplay_2 SonarSensor_1,Tile,iPhone,Train
IMG_5277.JPG,4,ArduinoUno_2 ESP32_1 LEDLight_2 OLEDDisplay_2,Tile,iPhone,Train
IMG_5278.JPG,4,ArduinoUno_2 ESP32_1 LEDLight_2 OLEDDisplay_2,Tile,iPhone,Train
IMG_5279.JPG,4,ArduinoUno_2 ESP32_1 LEDLight_2 OLEDDisplay_2,Tile,iPhone,Test
IMG_5287.JPG,4,ArduinoUno_2 ESP32_1 LEDLight_2 OLEDDisplay_2,Tile,iPhone,Train
IMG_5288.JPG,4,ArduinoUno_2 ESP32_1 LEDLight_2 OLEDDisplay_2,Tile,iPhone,Train
IMG_5289.JPG,4,ArduinoUno_2 ESP32_1 LEDLight_2 OLEDDisplay_2,Tile,iPhone,Train
IMG_5292.JPG,5,ArduinoUno_2 ESP32_1 GasSensor_2 LEDLight_2 OLEDDisplay_2,Black,iPhone,Train
IMG_5297.JPG,4,ArduinoUno_2 ESP32_1 LEDLight_2 OLEDDisplay_2,Black,iPhone,Train
IMG_5300.JPG,4,ArduinoUno_2 ESP32_1 LEDLight_2 OLEDDisplay_2,Black,iPhone,Test
IMG_5301.JPG,4,ArduinoUno_2 ESP32_1 LEDLight_2 OLEDDisplay_2,Wooden,iPhone,Train
IMG_5308.JPG,4,ArduinoUno_2 ESP32_1 LEDLight_2 OLEDDisplay_2,Wooden,iPhone,Valid
IMG_5311.JPG,4,ArduinoUno_2 ESP32_1 LEDLight_2 OLEDDisplay_2,Wooden,iPhone,Train
IMG_5312.JPG,4,ArduinoUno_2 ESP32_1 LEDLight_2 OLEDDisplay_2,Wooden,iPhone,Train
IMG_5314.JPG,4,ArduinoUno_2 ESP32_1 LEDLight_2 OLEDDisplay_2,Wooden,iPhone,Test
IMG_5315.JPG,4,ArduinoUno_2 ESP32_1 LEDLight_2 OLEDDisplay_2,Wooden,iPhone,Train
IMG_5317.JPG,4,ArduinoUno_2 ESP32_1 LEDLight_2 OLEDDisplay_2,Wooden,iPhone,Valid
IMG_5318.JPG,4,ArduinoUno_2 ESP32_1 LEDLight_2 OLEDDisplay_2,Wooden,iPhone,Train
IMG_5319.JPG,4,ArduinoUno_2 ESP32_1 LEDLight_1 OLEDDisplay_2,Wooden,iPhone,Train
IMG_5134.JPG,5,ESP32_1 GasSensor_1 LEDLight_1 OLEDDisplay_1 SonarSensor_1,Wooden,iPhone,Valid
IMG_5136.JPG,5,ESP32_1 GasSensor_1 LEDLight_1 OLEDDisplay_1 SonarSensor_1,Wooden,iPhone,Train
IMG_5137.JPG,5,ESP32_1 GasSensor_1 LEDLight_1 OLEDDisplay_1 SonarSensor_1,Wooden,iPhone,Train
IMG_5139.JPG,5,ESP32_1 GasSensor_1 LEDLight_1 OLEDDisplay_1 SonarSensor_1,Wooden,iPhone,Train
IMG_5140.JPG,5,ESP32_1 GasSensor_1 LEDLight_1 OLEDDisplay_1 SonarSensor_1,Wooden,iPhone,Train
IMG_5141.JPG,5,ESP32_1 GasSensor_1 LEDLight_1 OLEDDisplay_1 SonarSensor_1,Wooden,iPhone,Valid
IMG_5144.JPG,5,ESP32_1 GasSensor_1 LEDLight_1 OLEDDisplay_1 SonarSensor_1,Tile,iPhone,Train
IMG_5148.JPG,5,ESP32_1 GasSensor_1 LEDLight_1 OLEDDisplay_1 SonarSensor_1,Tile,iPhone,Train
IMG_5150.JPG,5,ESP32_1 GasSensor_1 LEDLight_1 OLEDDisplay_1 SonarSensor_1,Tile,iPhone,Train
IMG_5152.JPG,5,ESP32_1 GasSensor_1 LEDLight_1 OLEDDisplay_1 SonarSensor_1,Tile,iPhone,Valid
IMG_5154.JPG,5,ESP32_1 GasSensor_1 LEDLight_1 OLEDDisplay_1 SonarSensor_1,Tile,iPhone,Train
IMG_5156.JPG,5,ESP32_1 GasSensor_1 LEDLight_1 OLEDDisplay_1 SonarSensor_1,Tile,iPhone,Train
IMG_5160.JPG,5,ESP32_1 GasSensor_1 LEDLight_1 OLEDDisplay_1 SonarSensor_1,Tile,iPhone,Train
IMG_5161.JPG,5,ESP32_1 GasSensor_1 LEDLight_1 OLEDDisplay_1 SonarSensor_1,Tile,iPhone,Valid
IMG_5162.JPG,5,ESP32_1 GasSensor_1 LEDLight_1 OLEDDisplay_1 SonarSensor_1,Black,iPhone,Train
IMG_5165.JPG,5,ESP32_1 GasSensor_1 LEDLight_1 OLEDDisplay_1 SonarSensor_1,Black,iPhone,Valid
IMG_5170.JPG,5,ESP32_1 GasSensor_1 LEDLight_1 OLEDDisplay_1 SonarSensor_1,Black,iPhone,Valid
IMG_5171.JPG,5,ESP32_1 GasSensor_1 LEDLight_1 OLEDDisplay_1 SonarSensor_1,Black,iPhone,Train
IMG_5175.JPG,5,ESP32_1 GasSensor_1 LEDLight_1 OLEDDisplay_1 SonarSensor_1,Black,iPhone,Train
IMG_5176.JPG,5,ESP32_1 GasSensor_1 LEDLight_1 OLEDDisplay_1 SonarSensor_1,Black,iPhone,Train
IMG_5183.JPG,5,ESP32_1 GasSensor_1 LEDLight_1 OLEDDisplay_1 SonarSensor_1,Wooden,iPhone,Valid
IMG_5184.JPG,5,ESP32_1 GasSensor_1 LEDLight_1 OLEDDisplay_1 SonarSensor_1,Wooden,iPhone,Train
IMG_5186.JPG,5,ESP32_1 GasSensor_1 LEDLight_1 OLEDDisplay_1 SonarSensor_1,Wooden,iPhone,Train
IMG_5187.JPG,5,ESP32_1 GasSensor_1 LEDLight_1 OLEDDisplay_1 SonarSensor_1,Wooden,iPhone,Train
IMG_5188.JPG,5,ESP32_1 GasSensor_1 LEDLight_1 OLEDDisplay_1 SonarSensor_1,Wooden,iPhone,Valid
IMG_5189.JPG,5,ESP32_1 GasSensor_1 LEDLight_1 OLEDDisplay_1 SonarSensor_1,Wooden,iPhone,Train
IMG_5193.JPG,5,ESP32_1 GasSensor_1 LEDLight_1 OLEDDisplay_1 SonarSensor_1,Wooden,iPhone,Test
IMG_5194.JPG,5,ESP32_1 GasSensor_1 LEDLight_1 OLEDDisplay_1 SonarSensor_1,Wooden,iPhone,Train
IMG_5195.JPG,5,ESP32_1 GasSensor_1 LEDLight_1 OLEDDisplay_1 SonarSensor_1,Wooden,iPhone,Train
IMG_5196.JPG,5,ESP32_1 GasSensor_1 LEDLight_1 OLEDDisplay_1 SonarSensor_1,Wooden,iPhone,Valid
IMG_5197.JPG,5,ESP32_1 GasSensor_1 LEDLight_1 OLEDDisplay_1 SonarSensor_1,Wooden,iPhone,Train
IMG_5198.JPG,5,ESP32_1 GasSensor_1 LEDLight_1 OLEDDisplay_1 SonarSensor_1,Wooden,iPhone,Train
IMG_5199.JPG,5,ESP32_1 GasSensor_1 LEDLight_1 OLEDDisplay_1 SonarSensor_1,Wooden,iPhone,Train
IMG_5211.JPG,4,ArduinoUno_1 ESP32_1 GasSensor_1 OLEDDisplay_1,Black,iPhone,Train
IMG_5213.JPG,5,ArduinoUno_1 ESP32_1 GasSensor_1 LEDLight_2 OLEDDisplay_1,Black,iPhone,Train
IMG_5214.JPG,5,ArduinoUno_1 ESP32_1 GasSensor_1 LEDLight_2 OLEDDisplay_1,Black,iPhone,Train
IMG_5216.JPG,5,ArduinoUno_1 ESP32_1 GasSensor_1 LEDLight_2 OLEDDisplay_1,Black,iPhone,Train
IMG_5221.JPG,5,ArduinoUno_1 ESP32_1 GasSensor_1 LEDLight_2 OLEDDisplay_1,Black,iPhone,Train
IMG_5225.JPG,5,ArduinoUno_1 ESP32_1 GasSensor_1 LEDLight_2 OLEDDisplay_1,Black,iPhone,Test
IMG_5226.JPG,5,ArduinoUno_1 ESP32_1 GasSensor_1 LEDLight_2 OLEDDisplay_1,Black,iPhone,Train
IMG_5229.JPG,5,ArduinoUno_1 ESP32_1 GasSensor_1 LEDLight_2 OLEDDisplay_1,Black,iPhone,Test
IMG_5232.JPG,5,ArduinoUno_1 ESP32_1 GasSensor_1 LEDLight_2 OLEDDisplay_1,Black,iPhone,Train
IMG_5233.JPG,6,ArduinoUno_1 ESP32_1 GasSensor_1 LEDLight_2 OLEDDisplay_1 SonarSensor_1,Black,iPhone,Test
IMG_5234.JPG,6,ArduinoUno_1 ESP32_1 GasSensor_1 LEDLight_2 OLEDDisplay_2 SonarSensor_1,Black,iPhone,Valid
IMG_5236.JPG,6,ArduinoUno_1 ESP32_1 GasSensor_2 LEDLight_2 OLEDDisplay_2 SonarSensor_1,Black,iPhone,Train
IMG_5238.JPG,6,ArduinoUno_1 ESP32_1 GasSensor_2 LEDLight_2 OLEDDisplay_2 SonarSensor_1,Black,iPhone,Test
IMG_5243.JPG,6,ArduinoUno_1 ESP32_1 GasSensor_2 LEDLight_2 OLEDDisplay_2 SonarSensor_1,Black,iPhone,Train
IMG_5244.JPG,5,ESP32_1 GasSensor_2 LEDLight_2 OLEDDisplay_2 SonarSensor_1,Black,iPhone,Train
IMG_5248.JPG,5,ArduinoUno_2 ESP32_1 LEDLight_2 OLEDDisplay_2 SonarSensor_1,Black,iPhone,Train
IMG_5255.JPG,5,ArduinoUno_2 ESP32_1 LEDLight_2 OLEDDisplay_2 SonarSensor_1,Wooden,iPhone,Train
IMG_5256.JPG,5,ArduinoUno_2 ESP32_1 LEDLight_2 OLEDDisplay_2 SonarSensor_1,Wooden,iPhone,Train
IMG_5257.JPG,5,ArduinoUno_2 ESP32_1 LEDLight_2 OLEDDisplay_2 SonarSensor_1,Wooden,iPhone,Train
IMG_5259.JPG,5,ArduinoUno_2 ESP32_1 LEDLight_2 OLEDDisplay_2 SonarSensor_1,Wooden,iPhone,Valid
IMG_5261.JPG,5,ArduinoUno_2 ESP32_1 LEDLight_2 OLEDDisplay_2 SonarSensor_1,Wooden,iPhone,Train
IMG_5265.JPG,5,ArduinoUno_2 ESP32_1 LEDLight_2 OLEDDisplay_2 SonarSensor_1,Wooden,iPhone,Train
IMG_5266.JPG,5,ArduinoUno_2 ESP32_1 LEDLight_2 OLEDDisplay_2 SonarSensor_1,Wooden,iPhone,Train
IMG_5269.JPG,5,ArduinoUno_2 ESP32_1 LEDLight_2 OLEDDisplay_2 SonarSensor_1,Tile,iPhone,Train
IMG_5275.JPG,5,ArduinoUno_2 ESP32_1 LEDLight_2 OLEDDisplay_2 SonarSensor_1,Tile,iPhone,Train
IMG_5280.JPG,4,ArduinoUno_2 ESP32_1 LEDLight_2 OLEDDisplay_2,Tile,iPhone,Train
IMG_5282.JPG,4,ArduinoUno_2 ESP32_1 LEDLight_2 OLEDDisplay_2,Tile,iPhone,Train
IMG_5283.JPG,4,ArduinoUno_2 ESP32_1 LEDLight_2 OLEDDisplay_2,Tile,iPhone,Train
IMG_5284.JPG,4,ArduinoUno_2 ESP32_1 LEDLight_2 OLEDDisplay_2,Tile,iPhone,Train
IMG_5286.JPG,4,ArduinoUno_2 ESP32_1 LEDLight_2 OLEDDisplay_2,Tile,iPhone,Train
IMG_5290.JPG,4,ArduinoUno_2 ESP32_1 LEDLight_2 OLEDDisplay_2,Tile,iPhone,Train
IMG_5291.JPG,5,ArduinoUno_2 ESP32_1 GasSensor_2 LEDLight_2 OLEDDisplay_2,Black,iPhone,Valid
IMG_5293.JPG,4,ArduinoUno_2 ESP32_1 LEDLight_2 OLEDDisplay_2,Black,iPhone,Train
IMG_5298.JPG,4,ArduinoUno_2 ESP32_1 LEDLight_2 OLEDDisplay_2,Black,iPhone,Test
IMG_5299.JPG,4,ArduinoUno_2 ESP32_1 LEDLight_2 OLEDDisplay_2,Black,iPhone,Test
IMG_5302.JPG,4,ArduinoUno_2 ESP32_1 LEDLight_2 OLEDDisplay_2,Black,iPhone,Valid
IMG_5304.JPG,4,ArduinoUno_2 ESP32_1 LEDLight_2 OLEDDisplay_2,Wooden,iPhone,Test
IMG_5305.JPG,4,ArduinoUno_2 ESP32_1 LEDLight_2 OLEDDisplay_2,Wooden,iPhone,Train
IMG_5306.JPG,4,ArduinoUno_2 ESP32_1 LEDLight_2 OLEDDisplay_2,Wooden,iPhone,Train
IMG_5307.JPG,4,ArduinoUno_2 ESP32_1 LEDLight_2 OLEDDisplay_2,Wooden,iPhone,Train
IMG_5309.JPG,4,ArduinoUno_2 ESP32_1 LEDLight_2 OLEDDisplay_2,Wooden,iPhone,Valid
IMG_5310.JPG,4,ArduinoUno_2 ESP32_1 LEDLight_2 OLEDDisplay_2,Wooden,iPhone,Train
IMG_5313.JPG,4,ArduinoUno_2 ESP32_1 LEDLight_2 OLEDDisplay_2,Wooden,iPhone,Train
IMG_5316.JPG,4,ArduinoUno_2 ESP32_1 LEDLight_2 OLEDDisplay_2,Wooden,iPhone,Train
IMG_5320.JPG,3,ArduinoUno_2 ESP32_1 OLEDDisplay_2,Wooden,iPhone,Valid
IMG20240228123115.jpg,8,15VoltBattery_1 ArduinoNano_1 IGBT_1 Keypad_1 NTCThermistor_1 PinHeader_1 RockerSwitch_1 TactSwitch_1,Wooden,ONEPLUS_NORD,Valid
IMG20240228123246.jpg,10,15VoltBattery_1 ArduinoNano_1 BJTTransistor_1 Capacitor10mf_1 FuseBase_1 IRSensor_1 LowVoltageCeramicCapacitor_1 MOSFET_1 RockerSwitch_1 ZenerDiode_1,Wooden,ONEPLUS_NORD,Train
IMG20240228123512.jpg,8,Capacitor470mf_1 FilmCapacitor_1 IGBT_1 IRSensor_1 Keypad_1 NTCThermistor_1 PinHeader_1 SoilMoistureSensor_1,Wooden,ONEPLUS_NORD,Train
IMG20240228123614.jpg,8,Capacitor470mf_1 Fuse_1 IGBT_1 IRSensor_1 Keypad_1 NTCThermistor_1 PinHeader_1 SoilMoistureSensor_1,Wooden,ONEPLUS_NORD,Train
IMG20240228123708.jpg,3,Fuse_1 IGBT_1 NTCThermistor_1,Wooden,ONEPLUS_NORD,Train
IMG20240228123750.jpg,3,Capacitor470mf_1 TactSwitch_1 ZenerDiode_1,Wooden,ONEPLUS_NORD,Train
IMG20240228123839.jpg,4,NTCThermistor_1 PinHeader_1 TactSwitch_1 ZenerDiode_1,Wooden,ONEPLUS_NORD,Train
IMG20240228124228.jpg,9,15VoltBattery_1 ArduinoNano_1 IGBT_1 MOSFET_1 PinHeader_1 RockerSwitch_1 SoilMoistureSensor_1 TactSwitch_1 ZenerDiode_1,Tile,ONEPLUS_NORD,Train
IMG20240228124247.jpg,9,15VoltBattery_1 ArduinoNano_1 IGBT_1 MOSFET_1 PinHeader_1 RockerSwitch_1 SoilMoistureSensor_1 TactSwitch_1 ZenerDiode_1,Tile,ONEPLUS_NORD,Train
IMG20240228124445.jpg,9,15VoltBattery_1 ArduinoNano_1 IGBT_1 MOSFET_1 PinHeader_1 RockerSwitch_1 SoilMoistureSensor_1 TactSwitch_1 ZenerDiode_1,Tile,ONEPLUS_NORD,Test
IMG20240228124555.jpg,10,15VoltBattery_1 ArduinoNano_1 FuseBase_1 IGBT_1 MOSFET_1 PinHeader_1 RockerSwitch_1 SoilMoistureSensor_1 TactSwitch_1 ZenerDiode_1,Tile,ONEPLUS_NORD,Valid
IMG20240228124759.jpg,7,BJTTransistor_1 Capacitor10mf_1 Capacitor470mf_1 IRSensor_1 Keypad_1 TactSwitch_1 ZenerDiode_1,Tile,ONEPLUS_NORD,Valid
IMG20240228124816.jpg,7,BJTTransistor_1 Capacitor10mf_1 Capacitor470mf_1 IRSensor_1 Keypad_1 TactSwitch_1 ZenerDiode_1,Tile,ONEPLUS_NORD,Valid
IMG20240228124844.jpg,7,BJTTransistor_1 Capacitor10mf_1 Capacitor470mf_1 IRSensor_1 Keypad_1 TactSwitch_1 ZenerDiode_1,Tile,ONEPLUS_NORD,Train
IMG20240228124919.jpg,7,BJTTransistor_1 Capacitor10mf_1 Capacitor470mf_1 IRSensor_1 Keypad_1 TactSwitch_1 ZenerDiode_1,Tile,ONEPLUS_NORD,Train
IMG20240228125017.jpg,7,BJTTransistor_1 Capacitor10mf_1 Capacitor470mf_1 IRSensor_1 Keypad_1 TactSwitch_1 ZenerDiode_1,Tile,ONEPLUS_NORD,Train
IMG20240228125312.jpg,8,BJTTransistor_1 Capacitor10mf_1 Capacitor470mf_1 IGBT_1 IRSensor_1 SoilMoistureSensor_1 TactSwitch_1 ZenerDiode_1,Tile,ONEPLUS_NORD,Train
IMG20240228125354.jpg,7,BJTTransistor_1 Capacitor10mf_1 Capacitor470mf_1 IGBT_1 IRSensor_1 SoilMoistureSensor_1 TactSwitch_1,Tile,ONEPLUS_NORD,Valid
IMG20240228125654.jpg,9,BJTTransistor_1 Capacitor10mf_1 Capacitor470mf_1 IRSensor_1 MOSFET_1 PinHeader_1 SoilMoistureSensor_1 TactSwitch_1 ZenerDiode_1,Tile,ONEPLUS_NORD,Train
IMG20240228125705.jpg,9,BJTTransistor_1 Capacitor10mf_1 Capacitor470mf_1 IRSensor_1 MOSFET_1 PinHeader_1 SoilMoistureSensor_1 TactSwitch_1 ZenerDiode_1,Tile,ONEPLUS_NORD,Test
IMG20240228125738.jpg,9,BJTTransistor_1 Capacitor10mf_1 Capacitor470mf_1 IRSensor_1 MOSFET_1 PinHeader_1 SoilMoistureSensor_1 TactSwitch_1 ZenerDiode_1,Tile,ONEPLUS_NORD,Train
IMG20240228125746.jpg,9,BJTTransistor_1 Capacitor10mf_1 Capacitor470mf_1 IRSensor_1 MOSFET_1 PinHeader_1 SoilMoistureSensor_1 TactSwitch_1 ZenerDiode_1,Tile,ONEPLUS_NORD,Train
IMG20240228125809.jpg,9,BJTTransistor_1 Capacitor10mf_1 Capacitor470mf_1 IRSensor_1 MOSFET_1 PinHeader_1 SoilMoistureSensor_1 TactSwitch_1 ZenerDiode_1,Tile,ONEPLUS_NORD,Train
IMG20240228130041.jpg,8,BJTTransistor_1 Capacitor10mf_1 Capacitor470mf_1 IRSensor_1 MOSFET_1 SoilMoistureSensor_1 TactSwitch_1 ZenerDiode_1,Tile,ONEPLUS_NORD,Train
IMG20240228130343.jpg,10,BJTTransistor_1 Capacitor10mf_1 IRSensor_1 LowVoltageCeramicCapacitor_1 MOSFET_1 NTCThermistor_1 PinHeader_1 SoilMoistureSensor_1 TactSwitch_1 ZenerDiode_1,Tile,ONEPLUS_NORD,Train
IMG20240228130509.jpg,8,15VoltBattery_1 BJTTransistor_1 Capacitor470mf_1 FuseBase_1 IGBT_1 Keypad_1 LowVoltageCeramicCapacitor_1 NTCThermistor_1,Tile,ONEPLUS_NORD,Valid
IMG20240228130639.jpg,8,15VoltBattery_1 BJTTransistor_1 Capacitor470mf_1 FuseBase_1 IGBT_1 Keypad_1 LowVoltageCeramicCapacitor_1 NTCThermistor_1,Tile,ONEPLUS_NORD,Valid
IMG20240228130701.jpg,8,15VoltBattery_1 BJTTransistor_1 Capacitor470mf_1 FuseBase_1 IGBT_1 Keypad_1 LowVoltageCeramicCapacitor_1 NTCThermistor_1,Tile,ONEPLUS_NORD,Train
IMG20240228130706.jpg,8,15VoltBattery_1 BJTTransistor_1 Capacitor470mf_1 FuseBase_1 IGBT_1 Keypad_1 LowVoltageCeramicCapacitor_1 NTCThermistor_1,Tile,ONEPLUS_NORD,Train
IMG20240228130858.jpg,8,15VoltBattery_1 BJTTransistor_1 Capacitor470mf_1 FuseBase_1 IGBT_1 Keypad_1 LowVoltageCeramicCapacitor_1 NTCThermistor_1,Tile,ONEPLUS_NORD,Train
IMG20240228130905.jpg,8,15VoltBattery_1 BJTTransistor_1 Capacitor470mf_1 FuseBase_1 IGBT_1 Keypad_1 LowVoltageCeramicCapacitor_1 NTCThermistor_1,Tile,ONEPLUS_NORD,Train
IMG20240228130950.jpg,8,15VoltBattery_1 BJTTransistor_1 Capacitor470mf_1 FuseBase_1 IGBT_1 Keypad_1 LowVoltageCeramicCapacitor_1 NTCThermistor_1,Tile,ONEPLUS_NORD,Train
IMG20240228131341.jpg,7,15VoltBattery_1 BJTTransistor_1 Capacitor470mf_1 IGBT_1 Keypad_1 LowVoltageCeramicCapacitor_1 NTCThermistor_1,Black,ONEPLUS_NORD,Train
IMG20240228131602.jpg,7,ArduinoNano_1 Capacitor10mf_1 IRSensor_1 PinHeader_1 RockerSwitch_1 TactSwitch_1 ZenerDiode_1,Black,ONEPLUS_NORD,Train
IMG20240228131658.jpg,5,Capacitor10mf_1 PinHeader_1 RockerSwitch_1 TactSwitch_1 ZenerDiode_1,Black,ONEPLUS_NORD,Test
IMG20240228131753.jpg,5,BJTTransistor_1 Capacitor10mf_1 LowVoltageCeramicCapacitor_1 NTCThermistor_1 ZenerDiode_1,Black,ONEPLUS_NORD,Train
IMG20240228132127.jpg,9,BJTTransistor_1 Capacitor10mf_1 IRSensor_1 LowVoltageCeramicCapacitor_1 NTCThermistor_1 PinHeader_1 RockerSwitch_1 TactSwitch_1 ZenerDiode_1,Black,ONEPLUS_NORD,Train
IMG20240228132319.jpg,8,15VoltBattery_1 BJTTransistor_1 Capacitor10mf_1 IRSensor_1 Keypad_1 RockerSwitch_1 SoilMoistureSensor_1 TactSwitch_1,Black,ONEPLUS_NORD,Train
IMG20240228132335.jpg,8,15VoltBattery_1 BJTTransistor_1 Capacitor10mf_1 IRSensor_1 Keypad_1 RockerSwitch_1 SoilMoistureSensor_1 TactSwitch_1,Black,ONEPLUS_NORD,Train
IMG20240228132354.jpg,7,15VoltBattery_1 BJTTransistor_1 IRSensor_1 Keypad_1 RockerSwitch_1 SoilMoistureSensor_1 TactSwitch_1,Black,ONEPLUS_NORD,Train
IMG20240228132456.jpg,8,15VoltBattery_1 BJTTransistor_1 Capacitor10mf_1 IRSensor_1 Keypad_1 RockerSwitch_1 SoilMoistureSensor_1 TactSwitch_1,Black,ONEPLUS_NORD,Test
IMG20240228132544.jpg,8,15VoltBattery_1 BJTTransistor_1 Capacitor10mf_1 IRSensor_1 Keypad_1 RockerSwitch_1 SoilMoistureSensor_1 TactSwitch_1,Black,ONEPLUS_NORD,Train
IMG20240228132559.jpg,8,ArduinoNano_1 Capacitor10mf_1 IGBT_1 LowVoltageCeramicCapacitor_1 MOSFET_1 NTCThermistor_1 PinHeader_1 ZenerDiode_1,Black,ONEPLUS_NORD,Train
IMG20240228132732.jpg,16,15VoltBattery_1 ArduinoNano_1 BJTTransistor_1 Capacitor10mf_1 Capacitor470mf_1 IGBT_1 IRSensor_1 Keypad_1 LowVoltageCeramicCapacitor_1 MOSFET_1 NTCThermistor_1 PinHeader_1 RockerSwitch_1 SoilMoistureSensor_1 TactSwitch_1 ZenerDiode_1,Black,ONEPLUS_NORD,Train
IMG20240228132855.jpg,9,ArduinoNano_1 BJTTransistor_1 Capacitor470mf_1 Keypad_1 LowVoltageCeramicCapacitor_1 NTCThermistor_1 RockerSwitch_1 SoilMoistureSensor_1 ZenerDiode_1,Black,ONEPLUS_NORD,Train
IMG20240228132935.jpg,9,ArduinoNano_1 BJTTransistor_1 Capacitor470mf_1 Keypad_1 LowVoltageCeramicCapacitor_1 NTCThermistor_1 RockerSwitch_1 SoilMoistureSensor_1 ZenerDiode_1,Black,ONEPLUS_NORD,Test
IMG20240228133008.jpg,9,ArduinoNano_1 BJTTransistor_1 Capacitor470mf_1 Keypad_1 LowVoltageCeramicCapacitor_1 NTCThermistor_1 RockerSwitch_1 SoilMoistureSensor_1 ZenerDiode_1,Black,ONEPLUS_NORD,Train
IMG20240228133018.jpg,9,ArduinoNano_1 BJTTransistor_1 Capacitor470mf_1 Keypad_1 LowVoltageCeramicCapacitor_1 NTCThermistor_1 RockerSwitch_1 SoilMoistureSensor_1 ZenerDiode_1,Black,ONEPLUS_NORD,Valid
IMG20240228133855.jpg,10,ArduinoNano_1 BJTTransistor_1 Capacitor470mf_1 IGBT_1 IRSensor_1 LowVoltageCeramicCapacitor_1 MOSFET_1 NTCThermistor_1 TactSwitch_1 ZenerDiode_1,Wooden,ONEPLUS_NORD,Valid
IMG20240228135201.jpg,8,15VoltBattery_1 BJTTransistor_1 IGBT_1 IRSensor_1 LowVoltageCeramicCapacitor_1 MOSFET_1 SoilMoistureSensor_1 TactSwitch_1,Wooden,ONEPLUS_NORD,Train
IMG20240228135348.jpg,9,15VoltBattery_1 ArduinoNano_1 BJTTransistor_1 Capacitor10mf_1 IRSensor_1 Keypad_1 LowVoltageCeramicCapacitor_1 SoilMoistureSensor_1 TactSwitch_1,Wooden,ONEPLUS_NORD,Train
IMG20240228135507.jpg,12,15VoltBattery_1 BJTTransistor_1 Capacitor10mf_1 IGBT_1 IRSensor_1 Keypad_2 LowVoltageCeramicCapacitor_1 MOSFET_1 RockerSwitch_1 SoilMoistureSensor_1 TactSwitch_1 ZenerDiode_1,Wooden,ONEPLUS_NORD,Train
IMG20240228135553.jpg,14,ArduinoNano_1 BJTTransistor_1 Capacitor10mf_1 Capacitor470mf_1 IGBT_1 IRSensor_1 Keypad_1 LowVoltageCeramicCapacitor_1 MOSFET_1 NTCThermistor_1 PinHeader_1 RockerSwitch_1 TactSwitch_1 ZenerDiode_1,Wooden,ONEPLUS_NORD,Test
IMG20240228142057.jpg,16,15VoltBattery_1 ArduinoNano_1 BJTTransistor_1 Capacitor10mf_1 Capacitor470mf_1 IGBT_1 IRSensor_1 Keypad_1 LowVoltageCeramicCapacitor_1 MOSFET_1 NTCThermistor_1 PinHeader_1 RockerSwitch_1 SoilMoistureSensor_1 TactSwitch_1 ZenerDiode_1,Wooden,ONEPLUS_NORD,Train
IMG20240228142129.jpg,7,ArduinoNano_1 Capacitor10mf_1 Capacitor470mf_1 IRSensor_1 Keypad_1 RockerSwitch_1 ZenerDiode_1,Wooden,ONEPLUS_NORD,Valid
IMG20240228142222.jpg,12,ArduinoNano_1 BJTTransistor_1 Capacitor10mf_1 Capacitor470mf_1 IRSensor_1 Keypad_1 LowVoltageCeramicCapacitor_1 NTCThermistor_1 PinHeader_1 RockerSwitch_1 TactSwitch_1 ZenerDiode_1,Wooden,ONEPLUS_NORD,Train
IMG20240228142427.jpg,8,15VoltBattery_1 ArduinoNano_1 Capacitor470mf_1 IRSensor_1 Keypad_1 PinHeader_1 RockerSwitch_1 SoilMoistureSensor_1,Wooden,ONEPLUS_NORD,Valid
IMG20240228122809.jpg,16,15VoltBattery_1 ArduinoNano_1 BJTTransistor_1 Capacitor10mf_1 Capacitor470mf_1 IGBT_1 IRSensor_1 Keypad_1 LowVoltageCeramicCapacitor_1 MOSFET_1 NTCThermistor_1 PinHeader_1 RockerSwitch_1 SoilMoistureSensor_1 TactSwitch_1 ZenerDiode_1,Wooden,ONEPLUS_NORD,Train
IMG20240228122955.jpg,8,15VoltBattery_1 ArduinoNano_1 IGBT_1 Keypad_1 NTCThermistor_1 PinHeader_1 RockerSwitch_1 TactSwitch_1,Wooden,ONEPLUS_NORD,Train
IMG20240228123032.jpg,8,15VoltBattery_1 ArduinoNano_1 IGBT_1 Keypad_1 NTCThermistor_1 PinHeader_1 RockerSwitch_1 TactSwitch_1,Wooden,ONEPLUS_NORD,Test
IMG20240228123218.jpg,10,15VoltBattery_1 ArduinoNano_1 BJTTransistor_1 Capacitor10mf_1 FuseBase_1 IRSensor_1 LowVoltageCeramicCapacitor_1 MOSFET_1 RockerSwitch_1 ZenerDiode_1,Wooden,ONEPLUS_NORD,Train
IMG20240228123253.jpg,10,15VoltBattery_1 ArduinoNano_1 BJTTransistor_1 Capacitor10mf_1 FuseBase_1 IRSensor_1 LowVoltageCeramicCapacitor_1 MOSFET_1 RockerSwitch_1 ZenerDiode_1,Wooden,ONEPLUS_NORD,Train
IMG20240228123402.jpg,10,15VoltBattery_1 ArduinoNano_1 BJTTransistor_1 Capacitor10mf_1 FuseBase_1 IRSensor_1 LowVoltageCeramicCapacitor_1 MOSFET_1 RockerSwitch_1 ZenerDiode_1,Wooden,ONEPLUS_NORD,Train
IMG20240228123449.jpg,8,Capacitor470mf_1 FilmCapacitor_1 IGBT_1 IRSensor_1 Keypad_1 NTCThermistor_1 PinHeader_1 SoilMoistureSensor_1,Wooden,ONEPLUS_NORD,Train
IMG20240228123605.jpg,8,Capacitor470mf_1 Fuse_1 IGBT_1 IRSensor_1 Keypad_1 NTCThermistor_1 PinHeader_1 SoilMoistureSensor_1,Wooden,ONEPLUS_NORD,Train
IMG20240228123642.jpg,8,Capacitor470mf_1 Fuse_1 IGBT_1 IRSensor_1 Keypad_1 NTCThermistor_1 PinHeader_1 SoilMoistureSensor_1,Wooden,ONEPLUS_NORD,Test
IMG20240228123723.jpg,3,Fuse_1 IGBT_1 NTCThermistor_1,Wooden,ONEPLUS_NORD,Test
IMG20240228123816.jpg,4,NTCThermistor_1 PinHeader_1 TactSwitch_1 ZenerDiode_1,Wooden,ONEPLUS_NORD,Valid
IMG20240228124330.jpg,9,15VoltBattery_1 ArduinoNano_1 IGBT_1 MOSFET_1 PinHeader_1 RockerSwitch_1 SoilMoistureSensor_1 TactSwitch_1 ZenerDiode_1,Tile,ONEPLUS_NORD,Train
IMG20240228124606.jpg,10,15VoltBattery_1 ArduinoNano_1 FuseBase_1 IGBT_1 MOSFET_1 PinHeader_1 RockerSwitch_1 SoilMoistureSensor_1 TactSwitch_1 ZenerDiode_1,Tile,ONEPLUS_NORD,Valid
IMG20240228124711.jpg,7,BJTTransistor_1 Capacitor10mf_1 Capacitor470mf_1 IRSensor_1 Keypad_1 TactSwitch_1 ZenerDiode_1,Tile,ONEPLUS_NORD,Train
IMG20240228124718.jpg,7,BJTTransistor_1 Capacitor10mf_1 Capacitor470mf_1 IRSensor_1 Keypad_1 TactSwitch_1 ZenerDiode_1,Tile,ONEPLUS_NORD,Train
IMG20240228125011.jpg,7,BJTTransistor_1 Capacitor10mf_1 Capacitor470mf_1 IRSensor_1 Keypad_1 TactSwitch_1 ZenerDiode_1,Tile,ONEPLUS_NORD,Valid
IMG20240228125025.jpg,7,BJTTransistor_1 Capacitor10mf_1 Capacitor470mf_1 IRSensor_1 Keypad_1 TactSwitch_1 ZenerDiode_1,Tile,ONEPLUS_NORD,Train
IMG20240228125228.jpg,8,BJTTransistor_1 Capacitor10mf_1 Capacitor470mf_1 IGBT_1 IRSensor_1 SoilMoistureSensor_1 TactSwitch_1 ZenerDiode_1,Tile,ONEPLUS_NORD,Train
IMG20240228125846.jpg,9,BJTTransistor_1 Capacitor10mf_1 Capacitor470mf_1 IRSensor_1 MOSFET_1 PinHeader_1 SoilMoistureSensor_1 TactSwitch_1 ZenerDiode_1,Tile,ONEPLUS_NORD,Train
IMG20240228130036.jpg,9,BJTTransistor_1 Capacitor10mf_1 Capacitor470mf_1 IRSensor_1 MOSFET_1 PinHeader_1 SoilMoistureSensor_1 TactSwitch_1 ZenerDiode_1,Tile,ONEPLUS_NORD,Train
IMG20240228130254.jpg,10,BJTTransistor_1 Capacitor10mf_1 IRSensor_1 LowVoltageCeramicCapacitor_1 MOSFET_1 NTCThermistor_1 PinHeader_1 SoilMoistureSensor_1 TactSwitch_1 ZenerDiode_1,Tile,ONEPLUS_NORD,Train
IMG20240228130308.jpg,10,BJTTransistor_1 Capacitor10mf_1 IRSensor_1 LowVoltageCeramicCapacitor_1 MOSFET_1 NTCThermistor_1 PinHeader_1 SoilMoistureSensor_1 TactSwitch_1 ZenerDiode_1,Tile,ONEPLUS_NORD,Train
IMG20240228130337.jpg,10,BJTTransistor_1 Capacitor10mf_1 IRSensor_1 LowVoltageCeramicCapacitor_1 MOSFET_1 NTCThermistor_1 PinHeader_1 SoilMoistureSensor_1 TactSwitch_1 ZenerDiode_1,Tile,ONEPLUS_NORD,Valid
IMG20240228130517.jpg,8,15VoltBattery_1 BJTTransistor_1 Capacitor470mf_1 FuseBase_1 IGBT_1 Keypad_1 LowVoltageCeramicCapacitor_1 NTCThermistor_1,Tile,ONEPLUS_NORD,Train
IMG20240228130615.jpg,8,15VoltBattery_1 BJTTransistor_1 Capacitor470mf_1 FuseBase_1 IGBT_1 Keypad_1 LowVoltageCeramicCapacitor_1 NTCThermistor_1,Tile,ONEPLUS_NORD,Train
IMG20240228130624.jpg,8,15VoltBattery_1 BJTTransistor_1 Capacitor470mf_1 FuseBase_1 IGBT_1 Keypad_1 LowVoltageCeramicCapacitor_1 NTCThermistor_1,Tile,ONEPLUS_NORD,Train
IMG20240228130943.jpg,8,15VoltBattery_1 BJTTransistor_1 Capacitor470mf_1 FuseBase_1 IGBT_1 Keypad_1 LowVoltageCeramicCapacitor_1 NTCThermistor_1,Tile,ONEPLUS_NORD,Valid
IMG20240228131034.jpg,7,15VoltBattery_1 BJTTransistor_1 Capacitor470mf_1 IGBT_1 Keypad_1 LowVoltageCeramicCapacitor_1 NTCThermistor_1,Tile,ONEPLUS_NORD,Train
IMG20240228131252.jpg,7,15VoltBattery_1 BJTTransistor_1 Capacitor470mf_1 IGBT_1 Keypad_1 LowVoltageCeramicCapacitor_1 NTCThermistor_1,Black,ONEPLUS_NORD,Valid
IMG20240228131717.jpg,7,ArduinoNano_1 Capacitor10mf_1 IRSensor_1 PinHeader_1 RockerSwitch_1 TactSwitch_1 ZenerDiode_1,Black,ONEPLUS_NORD,Valid
IMG20240228131832.jpg,9,BJTTransistor_1 Capacitor10mf_1 IRSensor_1 LowVoltageCeramicCapacitor_1 NTCThermistor_1 PinHeader_1 RockerSwitch_1 TactSwitch_1 ZenerDiode_1,Black,ONEPLUS_NORD,Train
IMG20240228131859.jpg,9,BJTTransistor_1 Capacitor10mf_1 IRSensor_1 LowVoltageCeramicCapacitor_1 NTCThermistor_1 PinHeader_1 RockerSwitch_1 TactSwitch_1 ZenerDiode_1,Black,ONEPLUS_NORD,Train
IMG20240228131921_01.jpg,9,BJTTransistor_1 Capacitor10mf_1 IRSensor_1 LowVoltageCeramicCapacitor_1 NTCThermistor_1 PinHeader_1 RockerSwitch_1 TactSwitch_1 ZenerDiode_1,Black,ONEPLUS_NORD,Test
IMG20240228132045.jpg,9,BJTTransistor_1 Capacitor10mf_1 IRSensor_1 LowVoltageCeramicCapacitor_1 NTCThermistor_1 PinHeader_1 RockerSwitch_1 TactSwitch_1 ZenerDiode_1,Black,ONEPLUS_NORD,Train
IMG20240228132302.jpg,8,15VoltBattery_1 BJTTransistor_1 Capacitor10mf_1 IRSensor_1 Keypad_1 RockerSwitch_1 SoilMoistureSensor_1 TactSwitch_1,Black,ONEPLUS_NORD,Train
IMG20240228132440.jpg,8,15VoltBattery_1 BJTTransistor_1 Capacitor10mf_1 IRSensor_1 Keypad_1 RockerSwitch_1 SoilMoistureSensor_1 TactSwitch_1,Black,ONEPLUS_NORD,Train
IMG20240228132445.jpg,8,15VoltBattery_1 BJTTransistor_1 Capacitor10mf_1 IRSensor_1 Keypad_1 RockerSwitch_1 SoilMoistureSensor_1 TactSwitch_1,Black,ONEPLUS_NORD,Train
IMG20240228132524.jpg,8,15VoltBattery_1 BJTTransistor_1 Capacitor10mf_1 IRSensor_1 Keypad_1 RockerSwitch_1 SoilMoistureSensor_1 TactSwitch_1,Black,ONEPLUS_NORD,Train
IMG20240228132838.jpg,9,ArduinoNano_1 BJTTransistor_1 Capacitor470mf_1 Keypad_1 LowVoltageCeramicCapacitor_1 NTCThermistor_1 RockerSwitch_1 SoilMoistureSensor_1 ZenerDiode_1,Black,ONEPLUS_NORD,Train
IMG20240228133058.jpg,9,ArduinoNano_1 BJTTransistor_1 Capacitor470mf_1 Keypad_1 LowVoltageCeramicCapacitor_1 NTCThermistor_1 RockerSwitch_1 SoilMoistureSensor_1 ZenerDiode_1,Black,ONEPLUS_NORD,Train
IMG20240228133155.jpg,9,ArduinoNano_1 BJTTransistor_1 Capacitor470mf_1 Keypad_1 LowVoltageCeramicCapacitor_1 NTCThermistor_1 RockerSwitch_1 SoilMoistureSensor_1 ZenerDiode_1,Black,ONEPLUS_NORD,Train
IMG20240228133659_01.jpg,11,ArduinoNano_1 BJTTransistor_1 Capacitor470mf_1 IRSensor_1 Keypad_1 LowVoltageCeramicCapacitor_1 MOSFET_1 NTCThermistor_1 RockerSwitch_1 SoilMoistureSensor_1 ZenerDiode_1,Wooden,ONEPLUS_NORD,Test
IMG20240228133740_01.jpg,12,15VoltBattery_1 ArduinoNano_1 BJTTransistor_1 Capacitor470mf_1 IRSensor_1 Keypad_1 LowVoltageCeramicCapacitor_1 MOSFET_1 NTCThermistor_1 RockerSwitch_1 SoilMoistureSensor_1 ZenerDiode_1,Wooden,ONEPLUS_NORD,Train
IMG20240228133759.jpg,12,15VoltBattery_1 ArduinoNano_1 BJTTransistor_1 Capacitor470mf_1 IRSensor_1 Keypad_1 LowVoltageCeramicCapacitor_1 MOSFET_1 NTCThermistor_1 RockerSwitch_1 SoilMoistureSensor_1 ZenerDiode_1,Wooden,ONEPLUS_NORD,Train
IMG20240228133904.jpg,10,ArduinoNano_1 BJTTransistor_1 Capacitor470mf_1 IGBT_1 IRSensor_1 LowVoltageCeramicCapacitor_1 MOSFET_1 NTCThermistor_1 TactSwitch_1 ZenerDiode_1,Wooden,ONEPLUS_NORD,Train
IMG20240228133928.jpg,14,15VoltBattery_1 ArduinoNano_1 BJTTransistor_1 Capacitor470mf_1 IGBT_1 IRSensor_1 Keypad_1 LowVoltageCeramicCapacitor_1 MOSFET_1 NTCThermistor_1 RockerSwitch_1 SoilMoistureSensor_1 TactSwitch_1 ZenerDiode_1,Wooden,ONEPLUS_NORD,Train
IMG20240228133955.jpg,14,15VoltBattery_1 ArduinoNano_1 BJTTransistor_1 Capacitor470mf_1 IGBT_1 IRSensor_1 Keypad_1 LowVoltageCeramicCapacitor_1 MOSFET_1 NTCThermistor_1 RockerSwitch_1 SoilMoistureSensor_1 TactSwitch_1 ZenerDiode_1,Wooden,ONEPLUS_NORD,Train
IMG20240228134000.jpg,14,15VoltBattery_1 ArduinoNano_1 BJTTransistor_1 Capacitor10mf_1 IGBT_1 IRSensor_1 Keypad_1 LowVoltageCeramicCapacitor_1 MOSFET_1 NTCThermistor_1 RockerSwitch_1 SoilMoistureSensor_1 TactSwitch_1 ZenerDiode_1,Wooden,ONEPLUS_NORD,Train
IMG20240228134128.jpg,16,15VoltBattery_1 ArduinoNano_1 BJTTransistor_1 Capacitor10mf_1 Capacitor470mf_1 IGBT_1 IRSensor_1 Keypad_1 LowVoltageCeramicCapacitor_1 MOSFET_1 NTCThermistor_1 PinHeader_1 RockerSwitch_1 SoilMoistureSensor_1 TactSwitch_1 ZenerDiode_1,Wooden,ONEPLUS_NORD,Valid
IMG20240228135156.jpg,8,15VoltBattery_1 BJTTransistor_1 IGBT_1 IRSensor_1 LowVoltageCeramicCapacitor_1 MOSFET_1 SoilMoistureSensor_1 TactSwitch_1,Wooden,ONEPLUS_NORD,Valid
IMG20240228135342.jpg,9,15VoltBattery_1 ArduinoNano_1 BJTTransistor_1 Capacitor10mf_1 IRSensor_1 Keypad_1 LowVoltageCeramicCapacitor_1 SoilMoistureSensor_1 TactSwitch_1,Wooden,ONEPLUS_NORD,Valid
IMG20240228135459.jpg,13,15VoltBattery_1 ArduinoNano_1 BJTTransistor_1 Capacitor10mf_1 IGBT_1 IRSensor_1 Keypad_1 LowVoltageCeramicCapacitor_1 MOSFET_1 RockerSwitch_1 SoilMoistureSensor_1 TactSwitch_1 ZenerDiode_1,Wooden,ONEPLUS_NORD,Train
IMG20240228142159.jpg,10,ArduinoNano_1 Capacitor10mf_1 Capacitor470mf_1 IRSensor_1 Keypad_1 LowVoltageCeramicCapacitor_1 NTCThermistor_1 RockerSwitch_1 TactSwitch_1 ZenerDiode_1,Wooden,ONEPLUS_NORD,Train
IMG20240228142237.jpg,15,15VoltBattery_1 BJTTransistor_1 Capacitor10mf_1 Capacitor470mf_1 IGBT_1 IRSensor_1 Keypad_1 LowVoltageCeramicCapacitor_1 MOSFET_1 NTCThermistor_1 PinHeader_1 RockerSwitch_1 SoilMoistureSensor_1 TactSwitch_1 ZenerDiode_1,Wooden,ONEPLUS_NORD,Valid
IMG20240228142259.jpg,8,BJTTransistor_1 Capacitor10mf_1 IGBT_1 LowVoltageCeramicCapacitor_1 MOSFET_1 NTCThermistor_1 TactSwitch_1 ZenerDiode_1,Wooden,ONEPLUS_NORD,Train
IMG20240228142403.jpg,8,15VoltBattery_1 ArduinoNano_1 Capacitor470mf_1 IRSensor_1 Keypad_1 PinHeader_1 RockerSwitch_1 SoilMoistureSensor_1,Wooden,ONEPLUS_NORD,Test
IMG20240228142434.jpg,8,15VoltBattery_1 ArduinoNano_1 Capacitor470mf_1 IRSensor_1 Keypad_1 PinHeader_1 RockerSwitch_1 SoilMoistureSensor_1,Wooden,ONEPLUS_NORD,Train
IMG20240228122902.jpg,16,15VoltBattery_1 ArduinoNano_1 BJTTransistor_1 Capacitor10mf_1 Capacitor470mf_1 IGBT_1 IRSensor_1 Keypad_1 LowVoltageCeramicCapacitor_1 MOSFET_1 NTCThermistor_1 PinHeader_1 RockerSwitch_1 SoilMoistureSensor_1 TactSwitch_1 ZenerDiode_1,Wooden,ONEPLUS_NORD,Valid
IMG20240228122949.jpg,8,15VoltBattery_1 IGBT_1 IRSensor_1 Keypad_1 NTCThermistor_1 PinHeader_1 RockerSwitch_1 TactSwitch_1,Wooden,ONEPLUS_NORD,Train
IMG20240228123001.jpg,8,15VoltBattery_1 IGBT_1 IRSensor_1 Keypad_1 NTCThermistor_1 PinHeader_1 RockerSwitch_1 TactSwitch_1,Wooden,ONEPLUS_NORD,Train
IMG20240228124357.jpg,5,IGBT_1 MOSFET_1 PinHeader_1 TactSwitch_1 ZenerDiode_1,Tile,ONEPLUS_NORD,Train
IMG_20240228_122819.jpg,16,15VoltBattery_1 ArduinoNano_1 BJTTransistor_1 Capacitor10mf_1 Capacitor470mf_1 IGBT_1 IRSensor_1 Keypad_1 LowVoltageCeramicCapacitor_1 MOSFET_1 NTCThermistor_1 PinHeader_1 RockerSwitch_1 SoilMoistureSensor_1 TactSwitch_1 ZenerDiode_1,Wooden,REDMI,Train
IMG_20240228_122853.jpg,16,15VoltBattery_1 ArduinoNano_1 BJTTransistor_1 Capacitor10mf_1 Capacitor470mf_1 IGBT_1 IRSensor_1 Keypad_1 LowVoltageCeramicCapacitor_1 MOSFET_1 NTCThermistor_1 PinHeader_1 RockerSwitch_1 SoilMoistureSensor_1 TactSwitch_1 ZenerDiode_1,Wooden,REDMI,Train
IMG_20240228_123002.jpg,5,Capacitor10mf_1 Capacitor470mf_1 LowVoltageCeramicCapacitor_1 MOSFET_1 SoilMoistureSensor_1,Wooden,REDMI,Valid
IMG_20240228_123007.jpg,1,IRSensor_1,Wooden,REDMI,Train
IMG_20240228_123015.jpg,1,SoilMoistureSensor_1,Wooden,REDMI,Train
IMG_20240228_123116.jpg,9,BJTTransistor_1 Capacitor10mf_1 Capacitor470mf_1 Fuse_1 IRSensor_1 LowVoltageCeramicCapacitor_1 MOSFET_1 SoilMoistureSensor_1 ZenerDiode_1,Wooden,REDMI,Test
IMG_20240228_123209.jpg,8,Capacitor470mf_1 Fuse_1 IGBT_1 Keypad_1 NTCThermistor_1 PinHeader_1 SoilMoistureSensor_1 TactSwitch_1,Wooden,REDMI,Valid
IMG_20240228_123225.jpg,7,Capacitor470mf_1 Fuse_1 IGBT_1 Keypad_1 NTCThermistor_1 SoilMoistureSensor_1 TactSwitch_1,Wooden,REDMI,Train
IMG_20240228_123240.jpg,4,IGBT_1 Keypad_1 NTCThermistor_1 TactSwitch_1,Wooden,REDMI,Valid
IMG_20240228_123301.jpg,5,Fuse_1 IGBT_1 NTCThermistor_1 PinHeader_1 TactSwitch_1,Wooden,REDMI,Train
IMG_20240228_123331.jpg,4,Keypad_1 NTCThermistor_1 PinHeader_1 TactSwitch_1,Wooden,REDMI,Train
IMG_20240228_123348.jpg,6,Capacitor470mf_1 Fuse_1 Keypad_1 NTCThermistor_1 PinHeader_1 TactSwitch_1,Wooden,REDMI,Train
IMG_20240228_123505.jpg,4,BJTTransistor_1 Capacitor10mf_1 RockerSwitch_1 TactSwitch_1,Wooden,REDMI,Train
IMG_20240228_123521.jpg,4,BJTTransistor_1 LowVoltageCeramicCapacitor_1 RockerSwitch_1 TactSwitch_1,Wooden,REDMI,Train
IMG_20240228_123529.jpg,4,15VoltBattery_1 ArduinoNano_1 FuseBase_1 MOSFET_1,Wooden,REDMI,Train
IMG_20240228_123603.jpg,7,15VoltBattery_1 BJTTransistor_1 Capacitor10mf_1 FuseBase_1 MOSFET_1 RockerSwitch_1 ZenerDiode_1,Wooden,REDMI,Train
IMG_20240228_123641.jpg,2,LowVoltageCeramicCapacitor_1 TactSwitch_1,Wooden,REDMI,Test
IMG_20240228_123720.jpg,5,ArduinoNano_1 BJTTransistor_1 FuseBase_1 MOSFET_1 TactSwitch_1,Wooden,REDMI,Train
IMG_20240228_124227.jpg,5,BJTTransistor_1 Capacitor10mf_1 Capacitor470mf_1 LowVoltageCeramicCapacitor_1 NTCThermistor_1,Tile,REDMI,Valid
IMG_20240228_124254.jpg,4,BJTTransistor_1 Capacitor10mf_1 LowVoltageCeramicCapacitor_1 NTCThermistor_1,Tile,REDMI,Train
IMG_20240228_124323.jpg,4,Capacitor470mf_1 FilmCapacitor_1 IRSensor_1 Keypad_1,Tile,REDMI,Valid
IMG_20240228_124357.jpg,2,IRSensor_1 NTCThermistor_1,Tile,REDMI,Train
IMG_20240228_124406.jpg,2,IRSensor_1 NTCThermistor_1,Tile,REDMI,Train
IMG_20240228_124415.jpg,2,IRSensor_1 LowVoltageCeramicCapacitor_1,Tile,REDMI,Train
IMG_20240228_124433.jpg,1,NTCThermistor_1,Tile,REDMI,Test
IMG_20240228_124540.jpg,9,BJTTransistor_1 Capacitor10mf_1 Capacitor470mf_1 FilmCapacitor_1 Fuse_1 IRSensor_1 Keypad_1 LowVoltageCeramicCapacitor_1 NTCThermistor_1,Tile,REDMI,Train
IMG_20240228_124619.jpg,4,BJTTransistor_1 Capacitor10mf_1 Capacitor470mf_1 LowVoltageCeramicCapacitor_1,Tile,REDMI,Test
IMG_20240228_124750.jpg,3,IGBT_1 MOSFET_1 PinHeader_1,Tile,REDMI,Train
IMG_20240228_124754.jpg,3,IGBT_1 MOSFET_1 PinHeader_1,Tile,REDMI,Train
IMG_20240228_124806.jpg,4,IGBT_1 MOSFET_1 PinHeader_1 RockerSwitch_1,Tile,REDMI,Train
IMG_20240228_124809.jpg,4,IGBT_1 MOSFET_1 PinHeader_1 RockerSwitch_1,Tile,REDMI,Valid
IMG_20240228_124938.jpg,3,LowVoltageCeramicCapacitor_1 NTCThermistor_1 SoilMoistureSensor_1,Tile,REDMI,Train
IMG_20240228_125010.jpg,8,ArduinoNano_1 IGBT_1 LowVoltageCeramicCapacitor_1 MOSFET_1 NTCThermistor_1 PinHeader_1 RockerSwitch_1 SoilMoistureSensor_1,Tile,REDMI,Train
IMG_20240228_125719.jpg,4,ArduinoNano_1 IGBT_1 LowVoltageCeramicCapacitor_1 NTCThermistor_1,Tile,REDMI,Test
IMG_20240228_125854.jpg,1,RockerSwitch_1,Tile,REDMI,Train
IMG_20240228_125906.jpg,2,NTCThermistor_1 RockerSwitch_1,Tile,REDMI,Train
IMG_20240228_130431.jpg,10,ArduinoNano_1 Capacitor10mf_1 FilmCapacitor_1 IRSensor_1 MOSFET_1 PinHeader_1 RockerSwitch_1 SoilMoistureSensor_1 TactSwitch_1 ZenerDiode_1,Tile,REDMI,Train
IMG_20240228_130435.jpg,9,ArduinoNano_1 Capacitor10mf_1 FilmCapacitor_1 IRSensor_1 PinHeader_1 RockerSwitch_1 SoilMoistureSensor_1 TactSwitch_1 ZenerDiode_1,Tile,REDMI,Train
IMG_20240228_130509.jpg,9,ArduinoNano_1 Capacitor10mf_1 IRSensor_1 MOSFET_1 PinHeader_1 RockerSwitch_1 SoilMoistureSensor_1 TactSwitch_1 ZenerDiode_1,Tile,REDMI,Valid
IMG_20240228_131005.jpg,9,ArduinoNano_1 Capacitor10mf_1 IRSensor_1 MOSFET_1 PinHeader_1 RockerSwitch_1 SoilMoistureSensor_1 TactSwitch_1 ZenerDiode_1,Tile,REDMI,Train
IMG_20240228_131358.jpg,3,Capacitor10mf_1 IRSensor_1 TactSwitch_1,Black,REDMI,Train
IMG_20240228_131410.jpg,1,ZenerDiode_1,Black,REDMI,Train
IMG_20240228_131519.jpg,9,15VoltBattery_1 BJTTransistor_1 Capacitor470mf_1 IGBT_1 Keypad_1 LowVoltageCeramicCapacitor_1 MOSFET_1 NTCThermistor_1 SoilMoistureSensor_1,Black,REDMI,Train
IMG_20240228_131542.jpg,2,IGBT_1 LowVoltageCeramicCapacitor_1,Black,REDMI,Train
IMG_20240228_131557.jpg,8,15VoltBattery_1 BJTTransistor_1 Capacitor470mf_1 IGBT_1 Keypad_1 LowVoltageCeramicCapacitor_1 MOSFET_1 NTCThermistor_1,Black,REDMI,Train
IMG_20240228_131627.jpg,9,15VoltBattery_1 BJTTransistor_1 Capacitor470mf_1 IGBT_1 Keypad_1 LowVoltageCeramicCapacitor_1 MOSFET_1 NTCThermistor_1 SoilMoistureSensor_1,Black,REDMI,Train
IMG_20240228_131640.jpg,5,BJTTransistor_1 IGBT_1 LowVoltageCeramicCapacitor_1 MOSFET_1 NTCThermistor_1,Black,REDMI,Train
IMG_20240228_131657.jpg,9,15VoltBattery_1 BJTTransistor_1 Capacitor470mf_1 IGBT_1 Keypad_1 LowVoltageCeramicCapacitor_1 MOSFET_1 NTCThermistor_1 SoilMoistureSensor_1,Black,REDMI,Train
IMG_20240228_131854.jpg,7,15VoltBattery_1 ArduinoNano_1 Capacitor470mf_1 IGBT_1 Keypad_1 MOSFET_1 SoilMoistureSensor_1,Black,REDMI,Train
IMG_20240228_131903.jpg,7,15VoltBattery_1 ArduinoNano_1 Capacitor470mf_1 IGBT_1 Keypad_1 MOSFET_1 SoilMoistureSensor_1,Black,REDMI,Valid
IMG_20240228_132253.jpg,8,ArduinoNano_1 Capacitor470mf_1 IGBT_1 LowVoltageCeramicCapacitor_1 MOSFET_1 NTCThermistor_1 PinHeader_1 ZenerDiode_1,Black,REDMI,Train
IMG_20240228_132316.jpg,4,IGBT_1 LowVoltageCeramicCapacitor_1 NTCThermistor_1 PinHeader_1,Black,REDMI,Train
IMG_20240228_132324.jpg,4,IGBT_1 LowVoltageCeramicCapacitor_1 NTCThermistor_1 PinHeader_1,Black,REDMI,Train
IMG_20240228_132332.jpg,4,IGBT_1 LowVoltageCeramicCapacitor_1 NTCThermistor_1 PinHeader_1,Black,REDMI,Train
IMG_20240228_132345.jpg,5,IGBT_1 LowVoltageCeramicCapacitor_1 NTCThermistor_1 PinHeader_1 ZenerDiode_1,Black,REDMI,Test
IMG_20240228_132351.jpg,6,IGBT_1 LowVoltageCeramicCapacitor_1 MOSFET_1 NTCThermistor_1 PinHeader_1 ZenerDiode_1,Black,REDMI,Test
IMG_20240228_132424.jpg,4,LowVoltageCeramicCapacitor_1 NTCThermistor_1 PinHeader_1 ZenerDiode_1,Black,REDMI,Train
IMG_20240228_132455.jpg,8,ArduinoNano_1 Capacitor470mf_1 IGBT_1 LowVoltageCeramicCapacitor_1 MOSFET_1 NTCThermistor_1 PinHeader_1 ZenerDiode_1,Black,REDMI,Valid
IMG_20240228_132504.jpg,8,ArduinoNano_1 Capacitor470mf_1 IGBT_1 LowVoltageCeramicCapacitor_1 MOSFET_1 NTCThermistor_1 PinHeader_1 ZenerDiode_1,Black,REDMI,Train
IMG_20240228_132527.jpg,8,ArduinoNano_1 Capacitor470mf_1 IGBT_1 LowVoltageCeramicCapacitor_1 MOSFET_1 NTCThermistor_1 PinHeader_1 ZenerDiode_1,Black,REDMI,Train
IMG_20240228_132530.jpg,8,ArduinoNano_1 Capacitor470mf_1 IGBT_1 LowVoltageCeramicCapacitor_1 MOSFET_1 NTCThermistor_1 PinHeader_1 ZenerDiode_1,Black,REDMI,Valid
IMG_20240228_132539.jpg,8,ArduinoNano_1 Capacitor470mf_1 IGBT_1 LowVoltageCeramicCapacitor_1 MOSFET_1 NTCThermistor_1 PinHeader_1 ZenerDiode_1,Black,REDMI,Train
IMG_20240228_132543.jpg,8,ArduinoNano_1 Capacitor470mf_1 IGBT_1 LowVoltageCeramicCapacitor_1 MOSFET_1 NTCThermistor_1 PinHeader_1 ZenerDiode_1,Black,REDMI,Train
IMG_20240228_132917.jpg,7,15VoltBattery_1 Capacitor10mf_1 IGBT_1 IRSensor_1 MOSFET_1 PinHeader_1 TactSwitch_1,Wooden,REDMI,Train
IMG_20240228_133000.jpg,7,15VoltBattery_1 Capacitor10mf_1 IGBT_1 IRSensor_1 MOSFET_1 PinHeader_1 TactSwitch_1,Wooden,REDMI,Test
IMG_20240228_133047.jpg,6,15VoltBattery_1 Capacitor10mf_1 IGBT_1 IRSensor_1 MOSFET_1 TactSwitch_1,Wooden,REDMI,Train
IMG_20240228_133113.jpg,7,15VoltBattery_1 Capacitor10mf_1 IGBT_1 IRSensor_1 MOSFET_1 PinHeader_1 TactSwitch_1,Wooden,REDMI,Train
IMG_20240228_133128.jpg,7,15VoltBattery_1 Capacitor10mf_1 IGBT_1 IRSensor_1 MOSFET_1 PinHeader_1 TactSwitch_1,Wooden,REDMI,Valid
IMG_20240228_133157.jpg,3,Capacitor10mf_1 IRSensor_1 TactSwitch_1,Wooden,REDMI,Train
IMG_20240228_133510.jpg,3,BJTTransistor_1 Capacitor470mf_1 NTCThermistor_1,Wooden,REDMI,Train
IMG_20240228_133527.jpg,9,ArduinoNano_1 BJTTransistor_1 Capacitor470mf_1 Keypad_1 LowVoltageCeramicCapacitor_1 NTCThermistor_1 RockerSwitch_1 SoilMoistureSensor_1 ZenerDiode_1,Wooden,REDMI,Train
IMG_20240228_133557.jpg,10,ArduinoNano_1 BJTTransistor_1 Capacitor470mf_1 Keypad_1 LowVoltageCeramicCapacitor_1 MOSFET_1 NTCThermistor_1 RockerSwitch_1 SoilMoistureSensor_1 ZenerDiode_1,Wooden,REDMI,Train
IMG_20240228_133607.jpg,10,ArduinoNano_1 BJTTransistor_1 Capacitor470mf_1 Keypad_1 LowVoltageCeramicCapacitor_1 MOSFET_1 NTCThermistor_1 RockerSwitch_1 SoilMoistureSensor_1 ZenerDiode_1,Wooden,REDMI,Train
IMG_20240228_135634.jpg,7,Keypad_1 LowVoltageCeramicCapacitor_1 MOSFET_1 RockerSwitch_1 SoilMoistureSensor_1 TactSwitch_1 ZenerDiode_1,Wooden,REDMI,Valid
IMG_20240228_135641.jpg,8,BJTTransistor_1 Capacitor10mf_1 Keypad_1 LowVoltageCeramicCapacitor_1 MOSFET_1 SoilMoistureSensor_1 TactSwitch_1 ZenerDiode_1,Wooden,REDMI,Train
IMG_20240228_135656.jpg,3,15VoltBattery_1 ArduinoNano_1 NTCThermistor_1,Wooden,REDMI,Train
IMG_20240228_135706.jpg,6,BJTTransistor_1 Capacitor10mf_1 MOSFET_1 PinHeader_1 SoilMoistureSensor_1 TactSwitch_1,Wooden,REDMI,Train
IMG_20240228_135720.jpg,16,15VoltBattery_1 ArduinoNano_1 BJTTransistor_1 Capacitor10mf_1 Capacitor470mf_1 IGBT_1 IRSensor_1 Keypad_1 LowVoltageCeramicCapacitor_1 MOSFET_1 NTCThermistor_1 PinHeader_1 RockerSwitch_1 SoilMoistureSensor_1 TactSwitch_1 ZenerDiode_1,Wooden,REDMI,Train
IMG_20240228_135854.jpg,10,BJTTransistor_1 Capacitor10mf_1 Capacitor470mf_1 Keypad_1 LowVoltageCeramicCapacitor_1 NTCThermistor_1 PinHeader_1 SoilMoistureSensor_1 TactSwitch_1 ZenerDiode_1,Wooden,REDMI,Train
IMG_20240228_135857.jpg,10,BJTTransistor_1 Capacitor10mf_1 Capacitor470mf_1 Keypad_1 LowVoltageCeramicCapacitor_1 NTCThermistor_1 PinHeader_1 SoilMoistureSensor_1 TactSwitch_1 ZenerDiode_1,Wooden,REDMI,Test
IMG_20240228_135909.jpg,6,15VoltBattery_1 ArduinoNano_1 IGBT_1 IRSensor_1 MOSFET_1 RockerSwitch_1,Wooden,REDMI,Train
IMG_20240228_135924.jpg,6,15VoltBattery_1 ArduinoNano_1 IGBT_1 IRSensor_1 MOSFET_1 RockerSwitch_1,Wooden,REDMI,Train
IMG_20240228_140101.jpg,7,15VoltBattery_1 ArduinoNano_1 IGBT_1 IRSensor_1 LowVoltageCeramicCapacitor_1 MOSFET_1 RockerSwitch_1,Wooden,REDMI,Train
IMG_20240228_140129.jpg,9,BJTTransistor_1 Capacitor10mf_1 Capacitor470mf_1 Keypad_1 NTCThermistor_1 PinHeader_1 SoilMoistureSensor_1 TactSwitch_1 ZenerDiode_1,Wooden,REDMI,Train
IMG_20240228_140145.jpg,4,Capacitor10mf_1 Capacitor470mf_1 NTCThermistor_1 ZenerDiode_1,Wooden,REDMI,Train
IMG_20240228_140218.jpg,8,15VoltBattery_1 Capacitor470mf_1 IGBT_1 IRSensor_1 LowVoltageCeramicCapacitor_1 MOSFET_1 RockerSwitch_1 SoilMoistureSensor_1,Wooden,REDMI,Train
IMG_20240228_140246.jpg,4,15VoltBattery_1 ArduinoNano_1 IRSensor_1 Keypad_1,Wooden,REDMI,Valid
IMG_20240228_140319.jpg,9,15VoltBattery_1 Capacitor470mf_1 IGBT_1 IRSensor_1 Keypad_1 LowVoltageCeramicCapacitor_1 MOSFET_1 RockerSwitch_1 SoilMoistureSensor_1,Wooden,REDMI,Train
IMG_20240228_140449.jpg,3,ArduinoNano_1 FuseBase_1 RockerSwitch_1,Wooden,REDMI,Valid
IMG_20240228_140542.jpg,3,LowVoltageCeramicCapacitor_1 TactSwitch_1 ZenerDiode_1,Wooden,REDMI,Valid
IMG_20240228_140555.jpg,4,BJTTransistor_1 LowVoltageCeramicCapacitor_1 TactSwitch_1 ZenerDiode_1,Wooden,REDMI,Test
IMG_20240228_140650.jpg,1,SoilMoistureSensor_1,Wooden,REDMI,Train
IMG_20240228_140706.jpg,2,IGBT_1 TactSwitch_1,Wooden,REDMI,Train
IMG_20240228_140713.jpg,3,BJTTransistor_1 IGBT_1 TactSwitch_1,Wooden,REDMI,Train
IMG_20240228_140741.jpg,3,Capacitor10mf_1 MOSFET_1 NTCThermistor_1,Wooden,REDMI,Train
IMG_20240228_140750.jpg,4,Capacitor10mf_1 Capacitor470mf_1 MOSFET_1 NTCThermistor_1,Wooden,REDMI,Valid
IMG_20240228_140759.jpg,4,Capacitor10mf_1 Capacitor470mf_1 MOSFET_1 NTCThermistor_1,Wooden,REDMI,Valid
IMG_20240228_140815.jpg,3,ArduinoNano_1 Capacitor10mf_1 NTCThermistor_1,Wooden,REDMI,Train
IMG_20240228_141047.jpg,4,BJTTransistor_1 Capacitor10mf_1 LowVoltageCeramicCapacitor_1 PinHeader_1,Wooden,REDMI,Train
IMG_20240228_141143.jpg,4,IGBT_1 IRSensor_1 MOSFET_1 TactSwitch_1,Wooden,REDMI,Train
IMG_20240228_141330.jpg,4,ArduinoNano_1 IRSensor_1 Keypad_1 RockerSwitch_1,Wooden,REDMI,Train
IMG_20240228_141334.jpg,4,ArduinoNano_1 IRSensor_1 Keypad_1 RockerSwitch_1,Wooden,REDMI,Valid
IMG_20240228_141414.jpg,2,IGBT_1 MOSFET_1,Wooden,REDMI,Valid
IMG_20240228_141423.jpg,3,IGBT_1 IRSensor_1 MOSFET_1,Wooden,REDMI,Valid
IMG_20240228_141448.jpg,2,ArduinoNano_1 PinHeader_1,Wooden,REDMI,Valid
IMG_20240228_122954.jpg,8,BJTTransistor_1 Capacitor10mf_1 Capacitor470mf_1 IRSensor_1 LowVoltageCeramicCapacitor_1 MOSFET_1 SoilMoistureSensor_1 ZenerDiode_1,Wooden,REDMI,Train
IMG_20240228_123023.jpg,3,BJTTransistor_1 IRSensor_1 MOSFET_1,Wooden,REDMI,Train
IMG_20240228_123305.jpg,5,Fuse_1 IGBT_1 NTCThermistor_1 PinHeader_1 TactSwitch_1,Wooden,REDMI,Train
IMG_20240228_123320.jpg,2,IGBT_1 SoilMoistureSensor_1,Wooden,REDMI,Train
IMG_20240228_123449.jpg,9,15VoltBattery_1 ArduinoNano_1 BJTTransistor_1 Capacitor10mf_1 FuseBase_1 LowVoltageCeramicCapacitor_1 MOSFET_1 RockerSwitch_1 TactSwitch_1,Wooden,REDMI,Train
IMG_20240228_123622.jpg,4,BJTTransistor_1 Capacitor10mf_1 FuseBase_1 RockerSwitch_1,Wooden,REDMI,Train
IMG_20240228_123649.jpg,1,LowVoltageCeramicCapacitor_1,Wooden,REDMI,Valid
IMG_20240228_123700.jpg,1,ArduinoNano_1,Wooden,REDMI,Test
IMG_20240228_123744.jpg,1,15VoltBattery_1,Wooden,REDMI,Train
IMG_20240228_123831.jpg,4,ArduinoNano_1 FuseBase_1 IRSensor_1 RockerSwitch_1,Wooden,REDMI,Train
IMG_20240228_123838.jpg,4,ArduinoNano_1 FuseBase_1 IRSensor_1 RockerSwitch_1,Wooden,REDMI,Train
IMG_20240228_124237.jpg,4,BJTTransistor_1 Capacitor10mf_1 LowVoltageCeramicCapacitor_1 NTCThermistor_1,Tile,REDMI,Train
IMG_20240228_124449.jpg,1,Capacitor470mf_1,Tile,REDMI,Train
IMG_20240228_124512.jpg,2,BJTTransistor_1 IRSensor_1,Tile,REDMI,Train
IMG_20240228_124553.jpg,7,BJTTransistor_1 Capacitor470mf_1 FilmCapacitor_1 Fuse_1 IRSensor_1 LowVoltageCeramicCapacitor_1 NTCThermistor_1,Tile,REDMI,Train
IMG_20240228_124856.jpg,4,LowVoltageCeramicCapacitor_1 NTCThermistor_1 PinHeader_1 RockerSwitch_1,Tile,REDMI,Train
IMG_20240228_124911.jpg,3,15VoltBattery_1 ArduinoNano_1 SoilMoistureSensor_1,Tile,REDMI,Train
IMG_20240228_125628.jpg,4,15VoltBattery_1 IGBT_1 Keypad_1 RockerSwitch_1,Tile,REDMI,Train
IMG_20240228_125632.jpg,5,15VoltBattery_1 ArduinoNano_1 IGBT_1 Keypad_1 RockerSwitch_1,Tile,REDMI,Train
IMG_20240228_125646.jpg,1,ArduinoNano_1,Tile,REDMI,Train
IMG_20240228_125752.jpg,6,ArduinoNano_1 FuseBase_1 IGBT_1 Keypad_1 LowVoltageCeramicCapacitor_1 NTCThermistor_1,Tile,REDMI,Train
IMG_20240228_130024.jpg,3,15VoltBattery_1 NTCThermistor_1 RockerSwitch_1,Tile,REDMI,Train
IMG_20240228_130042.jpg,7,15VoltBattery_1 ArduinoNano_1 IGBT_1 Keypad_1 LowVoltageCeramicCapacitor_1 NTCThermistor_1 RockerSwitch_1,Tile,REDMI,Train
IMG_20240228_130051.jpg,7,15VoltBattery_1 ArduinoNano_1 IGBT_1 Keypad_1 LowVoltageCeramicCapacitor_1 NTCThermistor_1 RockerSwitch_1,Tile,REDMI,Valid
IMG_20240228_130306.jpg,5,15VoltBattery_1 ArduinoNano_1 Capacitor470mf_1 Keypad_1 RockerSwitch_1,Tile,REDMI,Train
IMG_20240228_130516.jpg,1,ZenerDiode_1,Tile,REDMI,Train
IMG_20240228_130615.jpg,9,ArduinoNano_1 Capacitor10mf_1 IRSensor_1 MOSFET_1 PinHeader_1 RockerSwitch_1 SoilMoistureSensor_1 TactSwitch_1 ZenerDiode_1,Tile,REDMI,Train
IMG_20240228_130630.jpg,4,Capacitor10mf_1 IRSensor_1 MOSFET_1 RockerSwitch_1,Tile,REDMI,Train
IMG_20240228_130705.jpg,9,ArduinoNano_1 Capacitor10mf_1 IRSensor_1 MOSFET_1 PinHeader_1 RockerSwitch_1 SoilMoistureSensor_1 TactSwitch_1 ZenerDiode_1,Tile,REDMI,Train
IMG_20240228_130906.jpg,9,ArduinoNano_1 Capacitor10mf_1 IRSensor_1 MOSFET_1 PinHeader_1 RockerSwitch_1 SoilMoistureSensor_1 TactSwitch_1 ZenerDiode_1,Tile,REDMI,Valid
IMG_20240228_131008.jpg,9,ArduinoNano_1 Capacitor10mf_1 IRSensor_1 MOSFET_1 PinHeader_1 RockerSwitch_1 SoilMoistureSensor_1 TactSwitch_1 ZenerDiode_1,Tile,REDMI,Train
IMG_20240228_131014.jpg,10,ArduinoNano_1 Capacitor10mf_1 Fuse_1 IRSensor_1 MOSFET_1 PinHeader_1 RockerSwitch_1 SoilMoistureSensor_1 TactSwitch_1 ZenerDiode_1,Tile,REDMI,Train
IMG_20240228_131018.jpg,10,ArduinoNano_1 Capacitor10mf_1 Fuse_1 IRSensor_1 MOSFET_1 PinHeader_1 RockerSwitch_1 SoilMoistureSensor_1 TactSwitch_1 ZenerDiode_1,Tile,REDMI,Test
IMG_20240228_131348.jpg,3,ArduinoNano_1 IRSensor_1 TactSwitch_1,Black,REDMI,Train
IMG_20240228_131416.jpg,1,ZenerDiode_1,Black,REDMI,Test
IMG_20240228_131524.jpg,9,15VoltBattery_1 BJTTransistor_1 Capacitor470mf_1 IGBT_1 Keypad_1 LowVoltageCeramicCapacitor_1 MOSFET_1 NTCThermistor_1 SoilMoistureSensor_1,Black,REDMI,Train
IMG_20240228_131536.jpg,2,BJTTransistor_1 MOSFET_1,Black,REDMI,Train
IMG_20240228_131608.jpg,9,15VoltBattery_1 BJTTransistor_1 Capacitor470mf_1 IGBT_1 Keypad_1 LowVoltageCeramicCapacitor_1 MOSFET_1 NTCThermistor_1 SoilMoistureSensor_1,Black,REDMI,Train
IMG_20240228_131617.jpg,9,15VoltBattery_1 BJTTransistor_1 Capacitor470mf_1 IGBT_1 Keypad_1 LowVoltageCeramicCapacitor_1 MOSFET_1 NTCThermistor_1 SoilMoistureSensor_1,Black,REDMI,Train
IMG_20240228_131705.jpg,9,15VoltBattery_1 BJTTransistor_1 Capacitor470mf_1 IGBT_1 Keypad_1 LowVoltageCeramicCapacitor_1 MOSFET_1 NTCThermistor_1 SoilMoistureSensor_1,Black,REDMI,Valid
IMG_20240228_131829.jpg,6,15VoltBattery_1 ArduinoNano_1 Capacitor470mf_1 IGBT_1 Keypad_1 SoilMoistureSensor_1,Black,REDMI,Train
IMG_20240228_131832.jpg,2,ArduinoNano_1 IGBT_1,Black,REDMI,Train
IMG_20240228_131857.jpg,7,15VoltBattery_1 ArduinoNano_1 Capacitor470mf_1 IGBT_1 Keypad_1 MOSFET_1 SoilMoistureSensor_1,Black,REDMI,Train
IMG_20240228_131907.jpg,7,15VoltBattery_1 ArduinoNano_1 Capacitor470mf_1 IGBT_1 Keypad_1 MOSFET_1 SoilMoistureSensor_1,Black,REDMI,Train
IMG_20240228_131913.jpg,7,15VoltBattery_1 ArduinoNano_1 Capacitor470mf_1 IGBT_1 Keypad_1 MOSFET_1 SoilMoistureSensor_1,Black,REDMI,Valid
IMG_20240228_131917.jpg,7,15VoltBattery_1 ArduinoNano_1 Capacitor470mf_1 IGBT_1 Keypad_1 MOSFET_1 SoilMoistureSensor_1,Black,REDMI,Valid
IMG_20240228_132130.jpg,7,15VoltBattery_1 ArduinoNano_1 Capacitor470mf_1 IGBT_1 Keypad_1 MOSFET_1 SoilMoistureSensor_1,Black,REDMI,Valid
IMG_20240228_132304.jpg,4,IGBT_1 LowVoltageCeramicCapacitor_1 NTCThermistor_1 PinHeader_1,Black,REDMI,Test
IMG_20240228_132327.jpg,4,IGBT_1 LowVoltageCeramicCapacitor_1 NTCThermistor_1 PinHeader_1,Black,REDMI,Valid
IMG_20240228_132355.jpg,6,IGBT_1 LowVoltageCeramicCapacitor_1 MOSFET_1 NTCThermistor_1 PinHeader_1 ZenerDiode_1,Black,REDMI,Test
IMG_20240228_132418.jpg,4,LowVoltageCeramicCapacitor_1 NTCThermistor_1 PinHeader_1 ZenerDiode_1,Black,REDMI,Train
IMG_20240228_132419.jpg,4,LowVoltageCeramicCapacitor_1 NTCThermistor_1 PinHeader_1 ZenerDiode_1,Black,REDMI,Train
IMG_20240228_132451.jpg,8,ArduinoNano_1 Capacitor470mf_1 IGBT_1 LowVoltageCeramicCapacitor_1 MOSFET_1 NTCThermistor_1 PinHeader_1 ZenerDiode_1,Black,REDMI,Train
IMG_20240228_132515.jpg,8,ArduinoNano_1 Capacitor470mf_1 IGBT_1 LowVoltageCeramicCapacitor_1 MOSFET_1 NTCThermistor_1 PinHeader_1 ZenerDiode_1,Black,REDMI,Train
IMG_20240228_132535.jpg,7,ArduinoNano_1 Capacitor470mf_1 LowVoltageCeramicCapacitor_1 MOSFET_1 NTCThermistor_1 PinHeader_1 ZenerDiode_1,Black,REDMI,Train
IMG_20240228_132601.jpg,8,15VoltBattery_1 BJTTransistor_1 Capacitor10mf_1 IRSensor_1 Keypad_1 RockerSwitch_1 SoilMoistureSensor_1 TactSwitch_1,Black,REDMI,Train
IMG_20240228_132605.jpg,8,15VoltBattery_1 BJTTransistor_1 Capacitor10mf_1 IRSensor_1 Keypad_1 RockerSwitch_1 SoilMoistureSensor_1 TactSwitch_1,Black,REDMI,Train
IMG_20240228_132610.jpg,8,15VoltBattery_1 BJTTransistor_1 Capacitor10mf_1 IRSensor_1 Keypad_1 RockerSwitch_1 SoilMoistureSensor_1 TactSwitch_1,Black,REDMI,Valid
IMG_20240228_132629.jpg,8,15VoltBattery_1 BJTTransistor_1 Capacitor10mf_1 IRSensor_1 Keypad_1 RockerSwitch_1 SoilMoistureSensor_1 TactSwitch_1,Black,REDMI,Valid
IMG_20240228_132923.jpg,7,15VoltBattery_1 Capacitor10mf_1 IGBT_1 IRSensor_1 MOSFET_1 PinHeader_1 TactSwitch_1,Wooden,REDMI,Train
IMG_20240228_132927.jpg,5,15VoltBattery_1 IRSensor_1 MOSFET_1 PinHeader_1 TactSwitch_1,Wooden,REDMI,Train
IMG_20240228_132934.jpg,1,PinHeader_1,Wooden,REDMI,Train
IMG_20240228_132953.jpg,7,15VoltBattery_1 Capacitor10mf_1 IGBT_1 IRSensor_1 MOSFET_1 PinHeader_1 TactSwitch_1,Wooden,REDMI,Train
IMG_20240228_133006.jpg,7,15VoltBattery_1 Capacitor10mf_1 IGBT_1 IRSensor_1 MOSFET_1 PinHeader_1 TactSwitch_1,Wooden,REDMI,Train
IMG_20240228_133010.jpg,7,15VoltBattery_1 Capacitor10mf_1 IGBT_1 IRSensor_1 MOSFET_1 PinHeader_1 TactSwitch_1,Wooden,REDMI,Test
IMG_20240228_133018.jpg,7,15VoltBattery_1 Capacitor10mf_1 IGBT_1 IRSensor_1 MOSFET_1 PinHeader_1 TactSwitch_1,Wooden,REDMI,Train
IMG_20240228_133109.jpg,7,15VoltBattery_1 Capacitor10mf_1 IGBT_1 IRSensor_1 MOSFET_1 PinHeader_1 TactSwitch_1,Wooden,REDMI,Train
IMG_20240228_133145.jpg,1,TactSwitch_1,Wooden,REDMI,Train
IMG_20240228_133502.jpg,3,BJTTransistor_1 Capacitor470mf_1 SoilMoistureSensor_1,Wooden,REDMI,Valid
IMG_20240228_133534.jpg,9,ArduinoNano_1 BJTTransistor_1 Capacitor470mf_1 Keypad_1 LowVoltageCeramicCapacitor_1 NTCThermistor_1 RockerSwitch_1 SoilMoistureSensor_1 ZenerDiode_1,Wooden,REDMI,Valid
IMG_20240228_133539.jpg,9,ArduinoNano_1 BJTTransistor_1 Capacitor470mf_1 Keypad_1 LowVoltageCeramicCapacitor_1 NTCThermistor_1 RockerSwitch_1 SoilMoistureSensor_1 ZenerDiode_1,Wooden,REDMI,Train
IMG_20240228_133603.jpg,10,ArduinoNano_1 BJTTransistor_1 Capacitor470mf_1 Keypad_1 LowVoltageCeramicCapacitor_1 MOSFET_1 NTCThermistor_1 RockerSwitch_1 SoilMoistureSensor_1 ZenerDiode_1,Wooden,REDMI,Valid
IMG_20240228_133631.jpg,10,ArduinoNano_1 BJTTransistor_1 Capacitor470mf_1 Keypad_1 LowVoltageCeramicCapacitor_1 MOSFET_1 NTCThermistor_1 RockerSwitch_1 SoilMoistureSensor_1 ZenerDiode_1,Wooden,REDMI,Train
IMG_20240228_133640.jpg,11,ArduinoNano_1 BJTTransistor_1 Capacitor470mf_1 IRSensor_1 Keypad_1 LowVoltageCeramicCapacitor_1 MOSFET_1 NTCThermistor_1 RockerSwitch_1 SoilMoistureSensor_1 ZenerDiode_1,Wooden,REDMI,Train
IMG_20240228_135615.jpg,16,15VoltBattery_1 ArduinoNano_1 BJTTransistor_1 Capacitor10mf_1 Capacitor470mf_1 IGBT_1 IRSensor_1 Keypad_1 LowVoltageCeramicCapacitor_1 MOSFET_1 NTCThermistor_1 PinHeader_1 RockerSwitch_1 SoilMoistureSensor_1 TactSwitch_1 ZenerDiode_1,Wooden,REDMI,Test
IMG_20240228_135625.jpg,5,Capacitor470mf_1 IGBT_1 Keypad_1 RockerSwitch_1 SoilMoistureSensor_1,Wooden,REDMI,Test
IMG_20240228_135919.jpg,6,15VoltBattery_1 ArduinoNano_1 IGBT_1 IRSensor_1 MOSFET_1 RockerSwitch_1,Wooden,REDMI,Valid
IMG_20240228_140048.jpg,7,15VoltBattery_1 ArduinoNano_1 IGBT_1 IRSensor_1 LowVoltageCeramicCapacitor_1 MOSFET_1 RockerSwitch_1,Wooden,REDMI,Valid
IMG_20240228_140104.jpg,7,15VoltBattery_1 ArduinoNano_1 IGBT_1 IRSensor_1 LowVoltageCeramicCapacitor_1 MOSFET_1 RockerSwitch_1,Wooden,REDMI,Valid
IMG_20240228_140115.jpg,4,ArduinoNano_1 IGBT_1 LowVoltageCeramicCapacitor_1 MOSFET_1,Wooden,REDMI,Valid
IMG_20240228_140224.jpg,8,15VoltBattery_1 Capacitor470mf_1 IGBT_1 IRSensor_1 LowVoltageCeramicCapacitor_1 MOSFET_1 RockerSwitch_1 SoilMoistureSensor_1,Wooden,REDMI,Train
IMG_20240228_140229.jpg,8,15VoltBattery_1 Capacitor470mf_1 IGBT_1 IRSensor_1 LowVoltageCeramicCapacitor_1 MOSFET_1 RockerSwitch_1 SoilMoistureSensor_1,Wooden,REDMI,Train
IMG_20240228_140238.jpg,7,ArduinoNano_1 BJTTransistor_1 Capacitor10mf_1 NTCThermistor_1 PinHeader_1 PinHeader_1 ZenerDiode_1,Wooden,REDMI,Train
IMG_20240228_140249.jpg,4,15VoltBattery_1 ArduinoNano_1 IRSensor_1 Keypad_1,Wooden,REDMI,Train
IMG_20240228_140315.jpg,9,15VoltBattery_1 Capacitor470mf_1 IGBT_1 IRSensor_1 Keypad_1 LowVoltageCeramicCapacitor_1 MOSFET_1 RockerSwitch_1 SoilMoistureSensor_1,Wooden,REDMI,Valid
IMG_20240228_140408.jpg,5,ArduinoNano_1 FilmCapacitor_1 Keypad_1 TactSwitch_1 ZenerDiode_1,Wooden,REDMI,Valid
IMG_20240228_140503.jpg,3,15VoltBattery_1 FuseBase_1 RockerSwitch_1,Wooden,REDMI,Train
IMG_20240228_140537.jpg,2,LowVoltageCeramicCapacitor_1 ZenerDiode_1,Wooden,REDMI,Train
IMG_20240228_140547.jpg,3,LowVoltageCeramicCapacitor_1 TactSwitch_1 ZenerDiode_1,Wooden,REDMI,Train
IMG_20240228_140717.jpg,3,BJTTransistor_1 IGBT_1 TactSwitch_1,Wooden,REDMI,Train
IMG_20240228_140725.jpg,3,BJTTransistor_1 MOSFET_1 TactSwitch_1,Wooden,REDMI,Train
IMG_20240228_140756.jpg,4,Capacitor10mf_1 Capacitor470mf_1 MOSFET_1 NTCThermistor_1,Wooden,REDMI,Train
IMG_20240228_140944.jpg,3,15VoltBattery_1 NTCThermistor_1 RockerSwitch_1,Wooden,REDMI,Train
IMG_20240228_141019.jpg,3,Capacitor10mf_1 LowVoltageCeramicCapacitor_1 PinHeader_1,Wooden,REDMI,Train
IMG_20240228_141024.jpg,3,Capacitor10mf_1 LowVoltageCeramicCapacitor_1 PinHeader_1,Wooden,REDMI,Train
IMG_20240228_141050.jpg,4,BJTTransistor_1 Capacitor10mf_1 LowVoltageCeramicCapacitor_1 PinHeader_1,Wooden,REDMI,Test
IMG_20240228_141123.jpg,3,BJTTransistor_1 IGBT_1 MOSFET_1,Wooden,REDMI,Train
IMG_20240228_141139.jpg,4,IGBT_1 IRSensor_1 MOSFET_1 TactSwitch_1,Wooden,REDMI,Test
IMG_20240228_141214.jpg,2,ArduinoNano_1 Keypad_1,Wooden,REDMI,Train
IMG_20240228_141454.jpg,2,ArduinoNano_1 PinHeader_1,Wooden,REDMI,Valid
IMG_20240228_141501.jpg,3,ArduinoNano_1 PinHeader_1 TactSwitch_1,Wooden,REDMI,Train
IMG_20240228_141511.jpg,4,ArduinoNano_1 LowVoltageCeramicCapacitor_1 PinHeader_1 TactSwitch_1,Wooden,REDMI,Train
IMG_20240228_141528.jpg,4,Capacitor470mf_1 NTCThermistor_1 SoilMoistureSensor_1 ZenerDiode_1,Wooden,REDMI,Valid
IMG_20240228_122859.jpg,16,15VoltBattery_1 ArduinoNano_1 BJTTransistor_1 Capacitor10mf_1 Capacitor470mf_1 IGBT_1 IRSensor_1 Keypad_1 LowVoltageCeramicCapacitor_1 MOSFET_1 NTCThermistor_1 PinHeader_1 RockerSwitch_1 SoilMoistureSensor_1 TactSwitch_1 ZenerDiode_1,Wooden,REDMI,Valid
IMG_20240228_122950.jpg,8,BJTTransistor_1 Capacitor10mf_1 Capacitor470mf_1 IRSensor_1 LowVoltageCeramicCapacitor_1 MOSFET_1 SoilMoistureSensor_1 ZenerDiode_1,Wooden,REDMI,Train
IMG_20240228_123051.jpg,8,BJTTransistor_1 Capacitor10mf_1 Capacitor470mf_1 IRSensor_1 LowVoltageCeramicCapacitor_1 MOSFET_1 SoilMoistureSensor_1 ZenerDiode_1,Wooden,REDMI,Valid
IMG_20240228_123102.jpg,7,BJTTransistor_1 Capacitor10mf_1 Capacitor470mf_1 IRSensor_1 LowVoltageCeramicCapacitor_1 MOSFET_1 SoilMoistureSensor_1,Wooden,REDMI,Test
IMG_20240228_123132.jpg,9,BJTTransistor_1 Capacitor10mf_1 Capacitor470mf_1 Fuse_1 IRSensor_1 LowVoltageCeramicCapacitor_1 MOSFET_1 SoilMoistureSensor_1 ZenerDiode_1,Wooden,REDMI,Valid
IMG_20240228_123219.jpg,8,Capacitor470mf_1 Fuse_1 IGBT_1 Keypad_1 NTCThermistor_1 PinHeader_1 SoilMoistureSensor_1 TactSwitch_1,Wooden,REDMI,Train
IMG_20240228_123232.jpg,8,Capacitor470mf_1 Fuse_1 IGBT_1 Keypad_1 NTCThermistor_1 PinHeader_1 SoilMoistureSensor_1 TactSwitch_1,Wooden,REDMI,Train
IMG_20240228_123315.jpg,1,Fuse_1,Wooden,REDMI,Train
IMG_20240228_123336.jpg,1,Capacitor470mf_1,Wooden,REDMI,Train
IMG_20240228_123455.jpg,1,ZenerDiode_1,Wooden,REDMI,Train
IMG_20240228_123516.jpg,4,BJTTransistor_1 Capacitor10mf_1 RockerSwitch_1 TactSwitch_1,Wooden,REDMI,Valid
IMG_20240228_123533.jpg,5,15VoltBattery_1 ArduinoNano_1 BJTTransistor_1 FuseBase_1 MOSFET_1,Wooden,REDMI,Valid
IMG_20240228_123627.jpg,3,BJTTransistor_1 FuseBase_1 MOSFET_1,Wooden,REDMI,Train
IMG_20240228_123716.jpg,4,ArduinoNano_1 BJTTransistor_1 MOSFET_1 TactSwitch_1,Wooden,REDMI,Test
IMG_20240228_123733.jpg,6,ArduinoNano_1 BJTTransistor_1 Capacitor10mf_1 FuseBase_1 MOSFET_1 RockerSwitch_1,Wooden,REDMI,Train
IMG_20240228_123818.jpg,4,BJTTransistor_1 Capacitor10mf_1 IGBT_1 MOSFET_1,Wooden,REDMI,Train
IMG_20240228_123822.jpg,4,BJTTransistor_1 Capacitor10mf_1 IGBT_1 MOSFET_1,Wooden,REDMI,Train
IMG_20240228_123845.jpg,4,FuseBase_1 IRSensor_2 LowVoltageCeramicCapacitor_1 RockerSwitch_1,Wooden,REDMI,Train
IMG_20240228_123901.jpg,4,ArduinoNano_1 FilmCapacitor_1 IRSensor_1 LowVoltageCeramicCapacitor_1,Wooden,REDMI,Train
IMG_20240228_123921.jpg,5,ArduinoNano_1 FilmCapacitor_1 IRSensor_1 LowVoltageCeramicCapacitor_1 MOSFET_1,Wooden,REDMI,Train
IMG_20240228_123928.jpg,5,ArduinoNano_1 FilmCapacitor_1 IGBT_1 IRSensor_1 LowVoltageCeramicCapacitor_1,Wooden,REDMI,Train
IMG_20240228_124134.jpg,3,FilmCapacitor_1 Fuse_1 FuseBase_1,Tile,REDMI,Train
IMG_20240228_124302.jpg,4,BJTTransistor_1 Capacitor10mf_1 Capacitor470mf_1 LowVoltageCeramicCapacitor_1,Tile,REDMI,Train
IMG_20240228_124311.jpg,2,IRSensor_1 Keypad_1,Tile,REDMI,Valid
IMG_20240228_124341.jpg,4,Capacitor10mf_1 Capacitor470mf_1 IRSensor_1 Keypad_1,Tile,REDMI,Train
IMG_20240228_124455.jpg,1,Capacitor470mf_1,Tile,REDMI,Valid
IMG_20240228_124520.jpg,2,Capacitor470mf_1 IRSensor_1,Tile,REDMI,Train
IMG_20240228_124709.jpg,9,15VoltBattery_1 ArduinoNano_1 IGBT_1 LowVoltageCeramicCapacitor_1 MOSFET_1 NTCThermistor_1 PinHeader_1 RockerSwitch_1 SoilMoistureSensor_1,Tile,REDMI,Train
IMG_20240228_124721.jpg,2,IGBT_1 MOSFET_1,Tile,REDMI,Train
IMG_20240228_124846.jpg,5,IGBT_1 LowVoltageCeramicCapacitor_1 NTCThermistor_1 PinHeader_1 RockerSwitch_1,Tile,REDMI,Train
IMG_20240228_124904.jpg,2,ArduinoNano_1 SoilMoistureSensor_1,Tile,REDMI,Train
IMG_20240228_124921.jpg,1,SoilMoistureSensor_1,Tile,REDMI,Train
IMG_20240228_124930.jpg,2,LowVoltageCeramicCapacitor_1 SoilMoistureSensor_1,Tile,REDMI,Train
IMG_20240228_124946.jpg,4,IGBT_1 LowVoltageCeramicCapacitor_1 RockerSwitch_1 SoilMoistureSensor_1,Tile,REDMI,Train
IMG_20240228_125031.jpg,7,15VoltBattery_1 ArduinoNano_1 IGBT_1 LowVoltageCeramicCapacitor_1 MOSFET_1 NTCThermistor_1 SoilMoistureSensor_1,Tile,REDMI,Valid
IMG_20240228_125619.jpg,4,15VoltBattery_1 IGBT_1 Keypad_1 RockerSwitch_1,Tile,REDMI,Train
IMG_20240228_125641.jpg,5,15VoltBattery_1 ArduinoNano_1 IGBT_1 Keypad_1 RockerSwitch_1,Tile,REDMI,Test
IMG_20240228_125656.jpg,5,15VoltBattery_1 ArduinoNano_1 IGBT_1 Keypad_1 RockerSwitch_1,Tile,REDMI,Train
IMG_20240228_125748.jpg,6,ArduinoNano_1 FuseBase_1 IGBT_1 Keypad_1 LowVoltageCeramicCapacitor_1 NTCThermistor_1,Tile,REDMI,Train
IMG_20240228_125837.jpg,7,15VoltBattery_1 ArduinoNano_1 IGBT_1 Keypad_1 LowVoltageCeramicCapacitor_1 NTCThermistor_1 RockerSwitch_1,Tile,REDMI,Train
IMG_20240228_125848.jpg,6,15VoltBattery_1 ArduinoNano_1 IGBT_1 Keypad_1 NTCThermistor_1 RockerSwitch_1,Tile,REDMI,Train
IMG_20240228_125903.jpg,2,NTCThermistor_1 RockerSwitch_1,Tile,REDMI,Valid
IMG_20240228_130230.jpg,6,15VoltBattery_1 ArduinoNano_1 Capacitor470mf_1 IGBT_1 Keypad_1 RockerSwitch_1,Tile,REDMI,Train
IMG_20240228_130257.jpg,6,15VoltBattery_1 ArduinoNano_1 Capacitor470mf_1 IGBT_1 Keypad_1 RockerSwitch_1,Tile,REDMI,Train
IMG_20240228_130319.jpg,6,15VoltBattery_1 ArduinoNano_1 Capacitor470mf_1 IGBT_1 Keypad_1 RockerSwitch_1,Tile,REDMI,Train
IMG_20240228_130348.jpg,6,15VoltBattery_1 ArduinoNano_1 Capacitor470mf_1 IGBT_1 Keypad_1 RockerSwitch_1,Tile,REDMI,Train
IMG_20240228_130525.jpg,3,Capacitor10mf_1 MOSFET_1 ZenerDiode_1,Tile,REDMI,Train
IMG_20240228_130656.jpg,9,ArduinoNano_1 Capacitor10mf_1 IRSensor_1 MOSFET_1 PinHeader_1 RockerSwitch_1 SoilMoistureSensor_1 TactSwitch_1 ZenerDiode_1,Tile,REDMI,Train
IMG_20240228_130813.jpg,2,PinHeader_1 TactSwitch_1,Tile,REDMI,Train
IMG_20240228_131314.jpg,9,ArduinoNano_1 Capacitor10mf_1 IRSensor_1 MOSFET_1 PinHeader_1 RockerSwitch_1 SoilMoistureSensor_1 TactSwitch_1 ZenerDiode_1,Black,REDMI,Train
IMG_20240228_131530.jpg,9,15VoltBattery_1 BJTTransistor_1 Capacitor470mf_1 IGBT_1 Keypad_1 LowVoltageCeramicCapacitor_1 MOSFET_1 NTCThermistor_1 SoilMoistureSensor_1,Black,REDMI,Test
IMG_20240228_131653.jpg,9,15VoltBattery_1 BJTTransistor_1 Capacitor470mf_1 IGBT_1 Keypad_1 LowVoltageCeramicCapacitor_1 MOSFET_1 NTCThermistor_1 SoilMoistureSensor_1,Black,REDMI,Valid
IMG_20240228_131821.jpg,7,15VoltBattery_1 ArduinoNano_1 Capacitor470mf_1 IGBT_1 Keypad_1 MOSFET_1 SoilMoistureSensor_1,Black,REDMI,Train
IMG_20240228_131851.jpg,7,15VoltBattery_1 ArduinoNano_1 Capacitor470mf_1 IGBT_1 Keypad_1 MOSFET_1 SoilMoistureSensor_1,Black,REDMI,Valid
IMG_20240228_131859.jpg,7,15VoltBattery_1 ArduinoNano_1 Capacitor470mf_1 IGBT_1 Keypad_1 MOSFET_1 SoilMoistureSensor_1,Black,REDMI,Train
IMG_20240228_132000.jpg,7,15VoltBattery_1 ArduinoNano_1 Capacitor470mf_1 IGBT_1 Keypad_1 MOSFET_1 SoilMoistureSensor_1,Black,REDMI,Valid
IMG_20240228_132320.jpg,4,IGBT_1 LowVoltageCeramicCapacitor_1 NTCThermistor_1 PinHeader_1,Black,REDMI,Train
IMG_20240228_132436.jpg,5,Capacitor470mf_1 LowVoltageCeramicCapacitor_1 NTCThermistor_1 PinHeader_1 ZenerDiode_1,Black,REDMI,Test
IMG_20240228_132444.jpg,8,ArduinoNano_1 Capacitor470mf_1 IGBT_1 LowVoltageCeramicCapacitor_1 MOSFET_1 NTCThermistor_1 PinHeader_1 ZenerDiode_1,Black,REDMI,Test
IMG_20240228_132500.jpg,8,ArduinoNano_1 Capacitor470mf_1 IGBT_1 LowVoltageCeramicCapacitor_1 MOSFET_1 NTCThermistor_1 PinHeader_1 ZenerDiode_1,Black,REDMI,Train
IMG_20240228_132510.jpg,8,ArduinoNano_1 Capacitor470mf_1 IGBT_1 LowVoltageCeramicCapacitor_1 MOSFET_1 NTCThermistor_1 PinHeader_1 ZenerDiode_1,Black,REDMI,Train
IMG_20240228_132547.jpg,8,ArduinoNano_1 Capacitor470mf_1 IGBT_1 LowVoltageCeramicCapacitor_1 MOSFET_1 NTCThermistor_1 PinHeader_1 ZenerDiode_1,Black,REDMI,Train
IMG_20240228_132623.jpg,8,15VoltBattery_1 BJTTransistor_1 Capacitor10mf_1 IRSensor_1 Keypad_1 RockerSwitch_1 SoilMoistureSensor_1 TactSwitch_1,Black,REDMI,Valid
IMG20240228123322.jpg,10,15VoltBattery_1 ArduinoNano_1 BJTTransistor_1 Capacitor10mf_1 FuseBase_1 IRSensor_1 LowVoltageCeramicCapacitor_1 MOSFET_1 RockerSwitch_1 ZenerDiode_1,Wooden,ONEPLUS_NORD,Valid
IMG20240228123330.jpg,10,15VoltBattery_1 ArduinoNano_1 BJTTransistor_1 Capacitor10mf_1 FuseBase_1 IRSensor_1 LowVoltageCeramicCapacitor_1 MOSFET_1 RockerSwitch_1 ZenerDiode_1,Wooden,ONEPLUS_NORD,Train
IMG20240228142356.jpg,8,15VoltBattery_1 ArduinoNano_1 Capacitor470mf_1 IRSensor_1 Keypad_1 PinHeader_1 RockerSwitch_1 SoilMoistureSensor_1,Wooden,ONEPLUS_NORD,Train
IMG_20240228_132943.jpg,3,IRSensor_1 PinHeader_1 TactSwitch_1,Wooden,REDMI,Train
IMG_20240228_133024.jpg,7,15VoltageBattery_1 Capacitor10mf_1 IGBT_1 IRSensor_1 MOSFET_1 PinHeader_1 TactSwitch_1,Wooden,REDMI,Train
IMG_20240228_133039.jpg,7,15VoltageBattery_1 Capacitor10mf_1 IGBT_1 IRSensor_1 MOSFET_1 PinHeader_1 TactSwitch_1,Wooden,REDMI,Valid
IMG_20240228_133117.jpg,7,15VoltageBattery_1 Capacitor10mf_1 IGBT_1 IRSensor_1 MOSFET_1 PinHeader_1 TactSwitch_1,Wooden,REDMI,Valid
IMG_20240228_133123.jpg,7,15VoltageBattery_1 Capacitor10mf_1 IGBT_1 IRSensor_1 MOSFET_1 PinHeader_1 TactSwitch_1,Wooden,REDMI,Train
IMG_20240228_133205.jpg,7,15VoltageBattery_1 Capacitor10mf_1 IGBT_1 IRSensor_1 MOSFET_1 PinHeader_1 TactSwitch_1,Wooden,REDMI,Test
IMG_20240228_133209.jpg,7,15VoltageBattery_1 Capacitor10mf_1 IGBT_1 IRSensor_1 MOSFET_1 PinHeader_1 TactSwitch_1,Wooden,REDMI,Valid
IMG_20240228_133446.jpg,2,ArduinoNano_1 Capacitor470mf_1,Wooden,REDMI,Valid
IMG_20240228_133453.jpg,3,ArduinoNano_1 Keypad_1 ZenerDiode_1,Wooden,REDMI,Test
IMG_20240228_133530.jpg,9,ArduinoNano_1 BJTTransistor_1 Capacitor470mf_1 Keypad_1 LowVoltageCeramicCapacitor_1 NTCThermistor_1 RockerSwitch_1 SoilMoistureSensor_1 ZenerDiode_1,Wooden,REDMI,Train
IMG_20240228_133600.jpg,10,ArduinoNano_1 BJTTransistor_1 Capacitor470mf_1 Keypad_1 LowVoltageCeramicCapacitor_1 MOSFET_1 NTCThermistor_1 RockerSwitch_1 SoilMoistureSensor_1 ZenerDiode_1,Wooden,REDMI,Train
IMG_20240228_135521.jpg,3,Capacitor470mf_1 NTCThermistor_1 PinHeader_1,Black,REDMI,Train
IMG_20240228_135620.jpg,16,15VoltageBattery_1 ArduinoNano_1 BJTTransistor_1 Capacitor10mf_1 Capacitor470mf_1 IGBT_1 IRSensor_1 Keypad_1 LowVoltageCeramicCapacitor_1 MOSFET_1 NTCThermistor_1 PinHeader_1 RockerSwitch_1 SoilMoistureSensor_1 TactSwitch_1 ZenerDiode_1,Wooden,REDMI,Test
IMG_20240228_135713.jpg,16,15VoltageBattery_1 ArduinoNano_1 BJTTransistor_1 Capacitor10mf_1 Capacitor470mf_1 IGBT_1 IRSensor_1 Keypad_1 LowVoltageCeramicCapacitor_1 MOSFET_1 NTCThermistor_1 PinHeader_1 RockerSwitch_1 SoilMoistureSensor_1 TactSwitch_1 ZenerDiode_1,Wooden,REDMI,Train
IMG_20240228_135734.jpg,4,15VoltageBattery_1 ArduinoNano_1 IRSensor_1 NTCThermistor_1 ,Wooden,REDMI,Train
IMG_20240228_135906.jpg,6,15VoltageBattery_1 ArduinoNano_1 IGBT_1 IRSensor_1 MOSFET_1 RockerSwitch_1,Wooden,REDMI,Train
IMG_20240228_140058.jpg,7,15VoltageBattery_1 ArduinoNano_1 IGBT_1 IRSensor_1 LowVoltageCeramicCapacitor_1 MOSFET_1 RockerSwitch_1,Wooden,REDMI,Train
IMG_20240228_140134.jpg,9,BJTTransistor_1 Capacitor10mf_1 Capacitor470mf_1 Keypad_1 NTCThermistor_1 PinHeader_1 SoilMoistureSensor_1 TactSwitch_1 ZenerDiode_1,Wooden,REDMI,Train
IMG_20240228_140137.jpg,4,Capacitor10mf_1 Capacitor470mf_1 NTCThermistor_1 ZenerDiode_1,Wooden,REDMI,Train
IMG_20240228_140150.jpg,3,Capacitor470mf_1 NTCThermistor_1 ZenerDiode_1,Wooden,REDMI,Train
IMG_20240228_140312.jpg,9,15VoltageBattery_1 Capacitor470mf_1 IGBT_1 IRSensor_1 Keypad_1 LowVoltageCeramicCapacitor_1 MOSFET_1 RockerSwitch_1 SoilMoistureSensor_1 ,Wooden,REDMI,Valid
IMG_20240228_140418.jpg,2,FilmCapacitor_1 LowVoltageCeramicCapacitor_1,Wooden,REDMI,Train
IMG_20240228_140434.jpg,2,Fuse_1 ZenerDiode_1,Wooden,REDMI,Train
IMG_20240228_140455.jpg,1,ArduinoNano_1,Wooden ,REDMI,Train
IMG_20240228_140533.jpg,4,15VoltageBattery_1 ArduinoNano_1 IRSensor_1 RockerSwitch_1,Wooden ,REDMI,Train
IMG_20240228_140544.jpg,3,LowVoltageCeramicCapacitor_1 TactSwitch_1 ZenerDiode_1,Wooden ,REDMI,Train
IMG_20240228_140558.jpg,4,BJTTransistor_1 LowVoltageCeramicCapacitor_1 TactSwitch_1 ZenerDiode_1,Wooden ,REDMI,Train
IMG_20240228_140602.jpg,4,BJTTransistor_1 LowVoltageCeramicCapacitor_1 TactSwitch_1 ZenerDiode_1,Wooden ,REDMI ,Train
IMG_20240228_140644.jpg,1,SoilMoistureSensor_1 ,Wooden ,REDMI ,Train
IMG_20240228_140654.jpg,1,SoilMoistureSensor_1 ,Wooden ,REDMI ,Train
IMG_20240228_140818.jpg,3,ArduinoNano_1 Capacitor10mf_1 NTCThermistor_1 ,Wooden ,REDMI ,Train
IMG_20240228_140829.jpg,4,ArduinoNano_1 Capacitor10mf_1 IRSensor_1 NTCThermistor_1 ,Wooden ,REDMI ,Train
IMG_20240228_140936.jpg,3,15VoltageBattery_1 NTCThermistor_1 RockerSwitch_1 ,Wooden ,REDMI ,Valid
IMG_20240228_141045.jpg,4,BJTTransistor_1 Capacitor10mf_1 LowVoltageCeramicCapacitor_1 PinHeader_1,Wooden ,REDMI ,Train
IMG_20240228_141129.jpg,3,BJTTransistor_1 IGBT_1 MOSFET_1,Wooden ,REDMI ,Train
IMG_20240228_141157.jpg,5,IGBT_1 IRSensor_1 MOSFET_1 TactSwitch_1 ZenerDiode_1,Wooden ,REDMI ,Valid
IMG_20240228_141431.jpg,4,Capacitor10mf_1 IGBT_1 IRSensor_1 MOSFET_1 ,Wooden ,REDMI ,Train
IMG_20240228_141438.jpg,5,BJTTransistor_1 Capacitor10mf_1 IGBT_1 IRSensor_1 MOSFET_1,Wooden ,REDMI ,Valid
IMG_20240228_141443.jpg,2,Keypad_1 RockerSwitch_1,Wooden ,REDMI ,Test
IMG_20240228_141518.jpg,5,ArduinoNano_1 Capacitor10mf_1 LowVoltageCeramicCapacitor_1 PinHeader_1 TactSwitch_1 ,Wooden ,REDMI ,Train
IMG20240228123131.jpg,8,15VoltageBattery_1 ArduinoNano_1 IGBT_1 Keypad_1 NTCThermistor_1 PinHeader_1 RockerSwitch_1 TactSwitch_1 ,Wooden ,ONEPLUS_NORD,Train
IMG20240228123408.jpg,10,15VoltageBattery_1 ArduinoNano_1 BJTTransistor_1 Capacitor10mf_1 FuseBase_1 IRSensor_1 LowVoltageCeramicCapacitor_1 MOSFET_1 RockerSwitch_1 ZenerDiode_1,Wooden ,ONEPLUS_NORD,Train
IMG20240228123455.jpg,8,Capacitor470mf_1 FilmCapacitor IGBT_1 IRSensor_1 Keypad_1 NTCThermistor_1 PinHeader_1 SoilMoistureSensor_1 ,Wooden ,ONEPLUS_NORD,Train
IMG20240228123522.jpg,8,Capacitor470mf_1 FilmCapacitor IGBT_1 IRSensor_1 Keypad_1 NTCThermistor_1 PinHeader_1 SoilMoistureSensor_1 ,Wooden ,ONEPLUS_NORD,Train
IMG20240228124412.jpg,5,IGBT_1 MOSFET_1 PinHeader_1 TactSwitch_1 ZenerDiode_1,Tile,ONEPLUS_NORD,Train
IMG20240228124440.jpg,8,15VoltageBattery_2 ArduinoNano_1 MOSFET_1 PinHeader_1 RockerSwitch_1 SoilMoistureSensor_1 TactSwitch_1 ZenerDiode_1,Tile,ONEPLUS_NORD,Train
IMG20240228124453.jpg,9,15VoltageBattery_1 ArduinoNano_1 IGBT_1 MOSFET_1 PinHeader_1 RockerSwitch_1 SoilMoistureSensor_1 TactSwitch_1 ZenerDiode_1,Tile,ONEPLUS_NORD,Test
IMG20240228124925.jpg,7,BJTTransistor_1 Capacitor10mf_1 Capacitor470mf_1 IRSensor_1 Keypad_1 TactSwitch_1 ZenerDiode_1,Tile,ONEPLUS_NORD,Train
IMG20240228125428.jpg,8, BJTTransistor_1 Capacitor10mf_1 Capacitor470mf_1 IGBT_1 IRSensor_1 SoilMoistureSensor_1 TactSwitch_1 ZenerDiode_1,Tile,ONEPLUS_NORD,Train
IMG20240228125647.jpg,9, BJTTransistor_1 Capacitor10mf_1 Capacitor470mf_1 IRSensor_1 MOSFET_1 PinHeader_1 SoilMoistureSensor_1 TactSwitch_1 ZenerDiode_1,Tile,ONEPLUS_NORD,Test
IMG20240228125752.jpg,9,BJTTransistor_1 Capacitor10mf_1 Capacitor470mf_1 IRSensor_1 MOSFET_1 PinHeader_1 SoilMoistureSensor_1 TactSwitch_1 ZenerDiode_1,Tile,ONEPLUS_NORD,Train
IMG20240228125831.jpg,9,BJTTransistor_1 Capacitor10mf_1 Capacitor470mf_1 IRSensor_1 MOSFET_1 PinHeader_1 SoilMoistureSensor_1 TactSwitch_1 ZenerDiode_1,Tile,ONEPLUS_NORD,Train
IMG20240228130031.jpg,9,BJTTransistor_1 Capacitor10mf_1 Capacitor470mf_1 IRSensor_1 MOSFET_1 PinHeader_1 SoilMoistureSensor_1 TactSwitch_1 ZenerDiode_1,Tile,ONEPLUS_NORD,Train
IMG20240228130425.jpg,8,15VoltageBattery_1 BJTTransistor_1 Capacitor470mf_1 FuseBase_1 IGBT_1 Keypad_1 LowVoltageCeramicCapacitor_1 NTCThermistor_1 ,Tile,ONEPLUS_NORD,Train
IMG20240228130635.jpg,8,15VoltageBattery_1 BJTTransistor_1 Capacitor470mf_1 FuseBase_1 IGBT_1 Keypad_1 LowVoltageCeramicCapacitor_1 NTCThermistor_1 ,Tile,ONEPLUS_NORD,Valid
IMG20240228130819.jpg,8,15VoltageBattery_1 BJTTransistor_1 Capacitor470mf_1 FuseBase_1 IGBT_1 Keypad_1 LowVoltageCeramicCapacitor_1 NTCThermistor_1 ,Tile,ONEPLUS_NORD,Train
IMG20240228131006.jpg,6,BJTTransistor_1 Capacitor470mf_1 FuseBase_1 IGBT_1 LowVoltageCeramicCapacitor_1 NTCThermistor_1 ,Tile,ONEPLUS_NORD,Train
IMG20240228131243.jpg,7,15VoltageBattery_1 BJTTransistor_1 Capacitor470mf_1 IGBT_1 Keypad_1 LowVoltageCeramicCapacitor_1 NTCThermistor_1 ,Black,ONEPLUS_NORD,Train
IMG20240228131259.jpg,7,15VoltageBattery_1 BJTTransistor_1 Capacitor470mf_1 IGBT_1 Keypad_1 LowVoltageCeramicCapacitor_1 NTCThermistor_1 ,Black,ONEPLUS_NORD,Train
IMG20240228131317.jpg,7,15VoltageBattery_1 BJTTransistor_1 Capacitor470mf_1 IGBT_1 Keypad_1 LowVoltageCeramicCapacitor_1 NTCThermistor_1 ,Black,ONEPLUS_NORD,Test
IMG20240228131414.jpg,7,15VoltageBattery_1 BJTTransistor_1 Capacitor470mf_1 IGBT_1 Keypad_1 LowVoltageCeramicCapacitor_1 NTCThermistor_1 ,Black,ONEPLUS_NORD,Train
IMG20240228131420.jpg,7,15VoltageBattery_1 BJTTransistor_1 Capacitor470mf_1 IGBT_1 Keypad_1 LowVoltageCeramicCapacitor_1 NTCThermistor_1 ,Black,ONEPLUS_NORD,Train
IMG20240228131521.jpg,7,ArduinoNano_1 Capacitor10mf_1 IRSensor_1 PinHeader_1 RockerSwitch_1 TactSwitch_1 ZenerDiode_1,Black,ONEPLUS_NORD,Valid
IMG20240228131534.jpg,7,ArduinoNano_1 Capacitor10mf_1 IRSensor_1 PinHeader_1 RockerSwitch_1 TactSwitch_1 ZenerDiode_1,Black,ONEPLUS_NORD,Valid
IMG20240228131634.jpg,4,Capacitor10mf_1 PinHeader_1 TactSwitch_1 ZenerDiode_1,Black,ONEPLUS_NORD,Test
IMG20240228131739_01.jpg,5,BJTTransistor_1 Capacitor10mf_1 LowVoltageCeramicCapacitor_1 NTCThermistor_1 ZenerDiode_1,Black,ONEPLUS_NORD,Valid
IMG20240228131843.jpg,9,BJTTransistor_1 Capacitor10mf_1 IRSensor_1 LowVoltageCeramicCapacitor_1 NTCThermistor_1 PinHeader_1 RockerSwitch_1  TactSwitch_1 ZenerDiode_1,Black,ONEPLUS_NORD,Train
IMG20240228131905.jpg,9,BJTTransistor_1 Capacitor10mf_1 IRSensor_1 LowVoltageCeramicCapacitor_1 NTCThermistor_1 PinHeader_1 RockerSwitch_1 TactSwitch_1 ZenerDiode_1,Black,ONEPLUS_NORD,Train
IMG20240228132001_01.jpg,9,BJTTransistor_1 Capacitor10mf_1 IRSensor_1 LowVoltageCeramicCapacitor_1 NTCThermistor_1 PinHeader_1 RockerSwitch_1 TactSwitch_1 ZenerDiode_1,Black,ONEPLUS_NORD,Valid
IMG20240228132345.jpg,8,15VoltageBattery_1 BJTTransistor_1 Capacitor10mf_1 IRSensor_1 Keypad_1 RockerSwitch_1 SoilMoistureSensor_1 TactSwitch_1 ,Black,ONEPLUS_NORD,Train
IMG20240228132533.jpg,8,15VoltageBattery_1 BJTTransistor_1 Capacitor10mf_1 IRSensor_1 Keypad_1 RockerSwitch_1 SoilMoistureSensor_1 TactSwitch_1 ,Black,ONEPLUS_NORD,Test
IMG20240228132605_01.jpg,8,ArduinoNano_1 Capacitor470mf_1 IGBT_1 LowVoltageCeramicCapacitor_1 MOSFET_1 NTCThermistor_1 PinHeader_1 ZenerDiode_1,Black,ONEPLUS_NORD,Valid
IMG20240228132621.jpg,8,ArduinoNano_1 Capacitor470mf_1 IGBT_1 LowVoltageCeramicCapacitor_1 MOSFET_1 NTCThermistor_1 PinHeader_1 ZenerDiode_1,Black,ONEPLUS_NORD,Valid
IMG20240228132725.jpg,16,15VoltageBattery_1 ArduinoNano_1 BJTTransistor_1 Capacitor10mf_1 Capacitor470mf_1 IGBT_1 IRSensor_1 Keypad_1 LowVoltageCeramicCapacitor_1 MOSFET_1 NTCThermistor_1 PinHeader_1 RockerSwitch_1 SoilMoistureSensor_1 TactSwitch_1 ZenerDiode_1,Black,ONEPLUS_NORD,Train
IMG20240228132906.jpg,9,ArduinoNano_1 BJTTransistor_1 Capacitor470mf_1 Keypad_1 LowVoltageCeramicCapacitor_1 NTCThermistor_1 RockerSwitch_1 SoilMoistureSensor_1 ZenerDiode_1,Black,ONEPLUS_NORD,Valid
IMG20240228133029.jpg,9,ArduinoNano_1 BJTTransistor_1 Capacitor470mf_1 Keypad_1 LowVoltageCeramicCapacitor_1 NTCThermistor_1 RockerSwitch_1 SoilMoistureSensor_1 ZenerDiode_1,Black,ONEPLUS_NORD,Train
IMG20240228133110_01.jpg,9,ArduinoNano_1 BJTTransistor_1 Capacitor470mf_1 Keypad_1 LowVoltageCeramicCapacitor_1 NTCThermistor_1 RockerSwitch_1 SoilMoistureSensor_1 ZenerDiode_1,Black,ONEPLUS_NORD,Train
IMG20240228133137.jpg,9,ArduinoNano_1 BJTTransistor_1 Capacitor470mf_1 Keypad_1 LowVoltageCeramicCapacitor_1 NTCThermistor_1 RockerSwitch_1 SoilMoistureSensor_1 ZenerDiode_1,Black,ONEPLUS_NORD,Train
IMG20240228133207.jpg,9,ArduinoNano_1 BJTTransistor_1 Capacitor470mf_1 Keypad_1 LowVoltageCeramicCapacitor_1 NTCThermistor_1 RockerSwitch_1 SoilMoistureSensor_1 ZenerDiode_1,Black,ONEPLUS_NORD,Valid
IMG20240228133815.jpg,12,15VoltageBattery_1 ArduinoNano_1 BJTTransistor_1 Capacitor470mf_1 IRSensor_1 Keypad_1 LowVoltageCeramicCapacitor_1 MOSFET_1 NTCThermistor_1 RockerSwitch_1 SoilMoistureSensor_1 ZenerDiode_1,Wooden ,ONEPLUS_NORD,Train
IMG20240228134136.jpg,16,15VoltageBattery_1 ArduinoNano_1 BJTTransistor_1 Capacitor10mf_1 Capacitor470mf_1 IGBT_1 IRSensor_1 Keypad_1 LowVoltageCeramicCapacitor_1 MOSFET_1 NTCThermistor_1 PinHeader_1 RockerSwitch_1 SoilMoistureSensor_1 TactSwitch_1 ZenerDiode_1,Wooden ,ONEPLUS_NORD,Train
IMG20240228134144.jpg,15,15VoltageBattery_1 ArduinoNano_1 BJTTransistor_1 Capacitor10mf_1 Capacitor470mf_1 IGBT_1 IRSensor_1 Keypad_1 LowVoltageCeramicCapacitor_1 NTCThermistor_1 PinHeader_1 RockerSwitch_1 SoilMoistureSensor_1 TactSwitch_1 ZenerDiode_1,Wooden ,ONEPLUS_NORD,Train
IMG20240228135335.jpg,9,15VoltageBattery_1 ArduinoNano_1 BJTTransistor_1 Capacitor10mf_1 IRSensor_1 Keypad_1 LowVoltageCeramicCapacitor_1 SoilMoistureSensor_1 TactSwitch_1 ,Wooden ,ONEPLUS_NORD,Train
IMG20240228135418.jpg,12,15VoltageBattery_1 ArduinoNano_1 BJTTransistor_1 Capacitor10mf_1 IGBT_1 IRSensor_1 Keypad_1 LowVoltageCeramicCapacitor_1 MOSFET_1 RockerSwitch_1 SoilMoistureSensor_1 TactSwitch_1,Wooden ,ONEPLUS_NORD,Train
IMG20240228135513.jpg,13,15VoltageBattery_1 ArduinoNano_1 BJTTransistor_1 Capacitor10mf_1 IGBT_1 IRSensor_1 Keypad_1 LowVoltageCeramicCapacitor_1 MOSFET_1 RockerSwitch_1 SoilMoistureSensor_1 TactSwitch_1 ZenerDiode_1,Wooden ,ONEPLUS_NORD,Train
IMG20240228142107.jpg,16,15VoltageBattery_1 ArduinoNano_1 BJTTransistor_1 Capacitor10mf_1 Capacitor470mf_1 IGBT_1 IRSensor_1 Keypad_1 LowVoltageCeramicCapacitor_1 MOSFET_1 NTCThermistor_1 PinHeader_1 RockerSwitch_1 SoilMoistureSensor_1 TactSwitch_1 ZenerDiode_1,Wooden ,ONEPLUS_NORD,Train
IMG20240228142135.jpg,6, ArduinoNano_2 Capacitor10mf_1 Capacitor470mf_1 IRSensor_1 Keypad_1 RockerSwitch_1 ,Wooden ,ONEPLUS_NORD,Train
IMG20240228142313.jpg,8,BJTTransistor_1 Capacitor10mf_1 IGBT_1 LowVoltageCeramicCapacitor_1 MOSFET_1 NTCThermistor_1 TactSwitch_1 ZenerDiode_1,Wooden ,ONEPLUS_NORD,Train
IMG20240228142340.jpg,8,BJTTransistor_1 Capacitor10mf_1 IGBT_1 LowVoltageCeramicCapacitor_1 MOSFET_1 NTCThermistor_1 TactSwitch_1 ZenerDiode_1,Wooden ,ONEPLUS_NORD,Valid
IMG20240228142346.jpg,8,BJTTransistor_1 Capacitor10mf_1 IGBT_1 LowVoltageCeramicCapacitor_1 MOSFET_1 NTCThermistor_1 TactSwitch_1 ZenerDiode_1,Wooden ,ONEPLUS_NORD,Train
IMG20240303105743.jpg,5,DCMotor_1 ESP32CAM_1 FT232USBSerialModule_1 RaindropsModule_1 TaperPotentiometer_1,Wooden ,ONEPLUS_NORD,Train
IMG20240303105800.jpg,5,DCMotor_1 ESP32CAM_1 FT232USBSerialModule_1 RaindropsModule_1 TaperPotentiometer_1,Wooden ,ONEPLUS_NORD,Train
IMG20240303105812.jpg,5,33VoltBattery_1 DCMotor_1 FT232USBSerialModule_1 RaindropsModule_1 TaperPotentiometer_1,Wooden ,ONEPLUS_NORD,Train
IMG20240303105852.jpg,5,33VoltBattery_1 DCMotor_1 FT232USBSerialModule_1 RaindropsModule_1 TaperPotentiometer_1,Wooden ,ONEPLUS_NORD,Train
IMG20240303105934.jpg,5,33VoltBattery_1 DCMotor_1 ESP32CAM_1 FT232USBSerialModule_1 TaperPotentiometer_1,Wooden ,ONEPLUS_NORD,Train
IMG20240303110007.jpg,4,33VoltBattery_1 DCMotor_1 ESP32CAM_1 RaindropsModule_1,Wooden ,ONEPLUS_NORD,Train
IMG20240303110030.jpg,4,33VoltBattery_1 DCMotor_1 ESP32CAM_1 RaindropsModule_1,Wooden ,ONEPLUS_NORD,Train
IMG20240303110054.jpg,4,33VoltBattery_1 ESP32CAM_1 FT232USBSerialModule_1 RaindropsModule_1,Wooden ,ONEPLUS_NORD,Train
IMG20240303110129.jpg,6,33VoltBattery_1 DCMotor_1 ESP32CAM_1 FT232USBSerialModule_1 RaindropsModule_1 TaperPotentiometer_1,Wooden ,ONEPLUS_NORD,Test
IMG20240303110140.jpg,6,33VoltBattery_1 DCMotor_1 ESP32CAM_1 FT232USBSerialModule_1 RaindropsModule_1 TaperPotentiometer_1,Wooden ,ONEPLUS_NORD,Valid
IMG20240303110158.jpg,6,33VoltBattery_1 DCMotor_1 ESP32CAM_1 FT232USBSerialModule_1 RaindropsModule_1 TaperPotentiometer_1,Wooden ,ONEPLUS_NORD,Train
IMG20240303110252.jpg,6,33VoltBattery_1 DCMotor_1 ESP32CAM_1 FT232USBSerialModule_1 RaindropsModule_1 TaperPotentiometer_1,Tile,ONEPLUS_NORD,Train
IMG20240303110322.jpg,6,33VoltBattery_1 DCMotor_1 ESP32CAM_1 FT232USBSerialModule_1 RaindropsModule_1 TaperPotentiometer_1,Tile,ONEPLUS_NORD,Valid
IMG20240303110327.jpg,6,33VoltBattery_1 DCMotor_1 ESP32CAM_1 FT232USBSerialModule_1 RaindropsModule_1 TaperPotentiometer_1,Tile,ONEPLUS_NORD,Train
IMG20240303110336.jpg,6,33VoltBattery_1 DCMotor_1 ESP32CAM_1 FT232USBSerialModule_1 RaindropsModule_1 TaperPotentiometer_1,Tile,ONEPLUS_NORD,Train
IMG20240303110505.jpg,6,33VoltBattery_1 DCMotor_1 ESP32CAM_1 FT232USBSerialModule_1 RaindropsModule_1 TaperPotentiometer_1,Tile,ONEPLUS_NORD,Valid
IMG20240303110510.jpg,6,33VoltBattery_1 DCMotor_1 ESP32CAM_1 FT232USBSerialModule_1 RaindropsModule_1 TaperPotentiometer_1,Tile,ONEPLUS_NORD,Valid
IMG20240303110620.jpg,6,33VoltBattery_1 DCMotor_1 ESP32CAM_1 FT232USBSerialModule_1 RaindropsModule_1 TaperPotentiometer_1,Tile,ONEPLUS_NORD,Train
IMG20240303110734.jpg,6,33VoltBattery_1 DCMotor_1 ESP32CAM_1 FT232USBSerialModule_1 RaindropsModule_1 TaperPotentiometer_1,Tile,ONEPLUS_NORD,Test
IMG20240303110821.jpg,6,33VoltBattery_1 DCMotor_1 ESP32CAM_1 FT232USBSerialModule_1 RaindropsModule_1 TaperPotentiometer_1,Black,ONEPLUS_NORD,Train
IMG20240303111124.jpg,6,33VoltBattery_1 DCMotor_1 ESP32CAM_1 FT232USBSerialModule_1 RaindropsModule_1 TaperPotentiometer_1,Black,ONEPLUS_NORD,Train
IMG20240303111139.jpg,6,33VoltBattery_1 DCMotor_1 ESP32CAM_1 FT232USBSerialModule_1 RaindropsModule_1 TaperPotentiometer_1,Black,ONEPLUS_NORD,Train
IMG20240303111152.jpg,4,33VoltBattery_1 DCMotor_1 RaindropsModule_1 TaperPotentiometer_1,Black,ONEPLUS_NORD,Train
IMG20240303111159.jpg,4,33VoltBattery_1 DCMotor_1 RaindropsModule_1 TaperPotentiometer_1,Black,ONEPLUS_NORD,Train
IMG20240303111224.jpg,3,DCMotor_1 ESP32CAM_1 FT232USBSerialModule_1,Black,ONEPLUS_NORD,Test
IMG20240303111243.jpg,3,33VoltBattery_1 DCMotor_1 FT232USBSerialModule_1,Black,ONEPLUS_NORD,Train
IMG20240303111258.jpg,6,33VoltBattery_1 DCMotor_1 ESP32CAM_1 FT232USBSerialModule_1 RaindropsModule_1 TaperPotentiometer_1,Black,ONEPLUS_NORD,Train
IMG20240303111302.jpg,6,33VoltBattery_1 DCMotor_1 ESP32CAM_1 FT232USBSerialModule_1 RaindropsModule_1 TaperPotentiometer_1,Black,ONEPLUS_NORD,Train
IMG20240303111312.jpg,6,33VoltBattery_1 DCMotor_1 ESP32_1 FT232USBSerialModule_1 RaindropsModule_1 TaperPotentiometer_1,Black,ONEPLUS_NORD,Test
IMG20240303111610.jpg,4,33VoltBattery_1 DCMotor_1 FT232USBSerialModule_1 TaperPotentiometer_1,Wooden ,ONEPLUS_NORD,Valid
IMG20240303111615.jpg,6,33VoltBattery_1 DCMotor_1 ESP32CAM_1 FT232USBSerialModule_1 RaindropsModule_1 TaperPotentiometer_1,Wooden ,ONEPLUS_NORD,Train
IMG20240303111619.jpg,6,33VoltBattery_1 DCMotor_1 ESP32CAM_1 FT232USBSerialModule_1 RaindropsModule_1 TaperPotentiometer_1,Wooden ,ONEPLUS_NORD,Valid
IMG20240303111645.jpg,6,33VoltBattery_1 DCMotor_1 ESP32CAM_1 FT232USBSerialModule_1 RaindropsModule_1 TaperPotentiometer_1,Wooden ,ONEPLUS_NORD,Train
IMG20240303111709.jpg,5,33VoltBattery_1 ESP32CAM_1 FT232USBSerialModule_1 RaindropsModule_1 TaperPotentiometer_1,Wooden ,ONEPLUS_NORD,Train
IMG20240303111716.jpg,6,33VoltBattery_1 DCMotor_1 ESP32CAM_1 FT232USBSerialModule_1 RaindropsModule_1 TaperPotentiometer_1,Wooden ,ONEPLUS_NORD,Train
IMG20240303111744.jpg,6,33VoltBattery_1 DCMotor_1 ESP32CAM_1 FT232USBSerialModule_1 RaindropsModule_1 TaperPotentiometer_1,Wooden ,ONEPLUS_NORD,Train
IMG20240303111821.jpg,6,33VoltBattery_1 DCMotor_1 ESP32CAM_1 FT232USBSerialModule_1 RaindropsModule_1 TaperPotentiometer_1,Wooden ,ONEPLUS_NORD,Train
IMG20240303111850.jpg,6,33VoltBattery_1 DCMotor_1 ESP32CAM_1 FT232USBSerialModule_1 RaindropsModule_1 TaperPotentiometer_1,Wooden ,ONEPLUS_NORD,Train
IMG20240303111914.jpg,6,33VoltBattery_1 DCMotor_1 ESP32CAM_1 FT232USBSerialModule_1 RaindropsModule_1 TaperPotentiometer_1,Wooden ,ONEPLUS_NORD,Valid
IMG20240303111919.jpg,6,33VoltBattery_1 DCMotor_1 ESP32_1 FT232USBSerialModule_1 RaindropsModule_1 TaperPotentiometer_1,Wooden ,ONEPLUS_NORD,Train
IMG20240303111923.jpg,6,33VoltBattery_1 DCMotor_1 ESP32CAM_1 FT232USBSerialModule_1 RaindropsModule_1 TaperPotentiometer_1,Wooden ,ONEPLUS_NORD,Valid
IMG20240303105750.jpg,5,33VoltBattery_1 ESP32CAM_1 FT232USBSerialModule_1 RaindropsModule_1 TaperPotentiometer_1,Wooden ,ONEPLUS_NORD,Train
IMG20240303105820.jpg,5,33VoltBattery_1 DCMotor_1 FT232USBSerialModule_1 RaindropsModule_1 TaperPotentiometer_1,Wooden ,ONEPLUS_NORD,Train
IMG20240303105838.jpg,5,33VoltBattery_1 DCMotor_1 FT232USBSerialModule_1 RaindropsModule_1 TaperPotentiometer_1,Wooden ,ONEPLUS_NORD,Train
IMG20240303105921.jpg,5,33VoltBattery_1 DCMotor_1 ESP32CAM_1 FT232USBSerialModule_1 TaperPotentiometer_1,Wooden ,ONEPLUS_NORD,Train
IMG20240303105939.jpg,5,33VoltBattery_1 DCMotor_1 ESP32CAM_1 FT232USBSerialModule_1 TaperPotentiometer_1,Wooden ,ONEPLUS_NORD,Train
IMG20240303110013.jpg,4,33VoltBattery_1 DCMotor_1 ESP32CAM_1 RaindropsModule_1,Wooden ,ONEPLUS_NORD,Valid
IMG20240303110037.jpg,4,33VoltBattery_1 DCMotor_1 ESP32CAM_1 RaindropsModule_1,Wooden ,ONEPLUS_NORD,Train
IMG20240303110112.jpg,4,33VoltBattery_1 ESP32CAM_1 RaindropsModule_1 TaperPotentiometer_1,Wooden ,ONEPLUS_NORD,Valid
IMG20240303110214.jpg,3,FT232USBSerialModule_1 RaindropsModule_1 TaperPotentiometer_1,Wooden ,ONEPLUS_NORD,Test
IMG20240303110236.jpg,5,DCMotor_1 ESP32CAM_1 FT232USBSerialModule_1 RaindropsModule_1 TaperPotentiometer_1,Tile,ONEPLUS_NORD,Train
IMG20240303110406.jpg,6,33VoltBattery_1 DCMotor_1 ESP32CAM_1 FT232USBSerialModule_1 RaindropsModule_1 TaperPotentiometer_1,Tile,ONEPLUS_NORD,Test
IMG20240303110414.jpg,6,33VoltBattery_1 DCMotor_1 ESP32CAM_1 FT232USBSerialModule_1 RaindropsModule_1 TaperPotentiometer_1,Tile,ONEPLUS_NORD,Test
IMG20240303110422.jpg,6,33VoltBattery_1 DCMotor_1 ESP32CAM_1 FT232USBSerialModule_1 RaindropsModule_1 TaperPotentiometer_1,Tile,ONEPLUS_NORD,Test
IMG20240303110517.jpg,6,33VoltBattery_1 DCMotor_1 ESP32CAM_1 FT232USBSerialModule_1 RaindropsModule_1 TaperPotentiometer_1,Tile,ONEPLUS_NORD,Train
IMG20240303110616.jpg,6,33VoltBattery_1 DCMotor_1 ESP32CAM_1 FT232USBSerialModule_1 RaindropsModule_1 TaperPotentiometer_1,Tile,ONEPLUS_NORD,Valid
IMG20240303110638.jpg,6,33VoltBattery_1 DCMotor_1 ESP32CAM_1 FT232USBSerialModule_1 RaindropsModule_1 TaperPotentiometer_1,Tile,ONEPLUS_NORD,Train
IMG20240303110723.jpg,6,33VoltBattery_1 DCMotor_1 ESP32CAM_1 FT232USBSerialModule_1 RaindropsModule_1 TaperPotentiometer_1,Tile,ONEPLUS_NORD,Train
IMG20240303110728.jpg,6,33VoltBattery_1 DCMotor_1 ESP32CAM_1 FT232USBSerialModule_1 RaindropsModule_1 TaperPotentiometer_1,Tile,ONEPLUS_NORD,Train
IMG20240303110835.jpg,6,33VoltBattery_1 DCMotor_1 ESP32CAM_1 FT232USBSerialModule_1 RaindropsModule_1 TaperPotentiometer_1,Black,ONEPLUS_NORD,Train
IMG20240303110947.jpg,6,33VoltBattery_1 DCMotor_1 ESP32CAM_1 FT232USBSerialModule_1 RaindropsModule_1 TaperPotentiometer_1,Black,ONEPLUS_NORD,Train
IMG20240303111006.jpg,6,33VoltBattery_1 DCMotor_1 ESP32CAM_1 FT232USBSerialModule_1 RaindropsModule_1 TaperPotentiometer_1,Black,ONEPLUS_NORD,Train
IMG20240303111013.jpg,6,33VoltBattery_1 DCMotor_1 ESP32CAM_1 FT232USBSerialModule_1 RaindropsModule_1 TaperPotentiometer_1,Black,ONEPLUS_NORD,Valid
IMG20240303111020.jpg,6,33VoltBattery_1 DCMotor_1 ESP32CAM_1 FT232USBSerialModule_1 RaindropsModule_1 TaperPotentiometer_1,Black,ONEPLUS_NORD,Valid
IMG20240303111039.jpg,6,33VoltBattery_1 DCMotor_1 ESP32CAM_1 FT232USBSerialModule_1 RaindropsModule_1 TaperPotentiometer_1,Black,ONEPLUS_NORD,Train
IMG20240303111042.jpg,6,33VoltBattery_1 DCMotor_1 ESP32CAM_1 FT232USBSerialModule_1 RaindropsModule_1 TaperPotentiometer_1,Black,ONEPLUS_NORD,Train
IMG20240303111050.jpg,6,33VoltBattery_1 DCMotor_1 ESP32CAM_1 FT232USBSerialModule_1 RaindropsModule_1 TaperPotentiometer_1,Black,ONEPLUS_NORD,Valid
IMG20240303111129.jpg,6,33VoltBattery_1 DCMotor_1 ESP32CAM_1 FT232USBSerialModule_1 RaindropsModule_1 TaperPotentiometer_1,Black,ONEPLUS_NORD,Valid
IMG20240303111228.jpg,3,DCMotor_1 ESP32CAM_1 FT232USBSerialModule_1,Black,ONEPLUS_NORD,Train
IMG20240303111248.jpg,3,33VoltBattery_1 DCMotor_1 FT232USBSerialModule_1,Black,ONEPLUS_NORD,Train
IMG20240303111325.jpg,6,33VoltBattery_1 DCMotor_1 ESP32CAM_1 FT232USBSerialModule_1 RaindropsModule_1 TaperPotentiometer_1,Black,ONEPLUS_NORD,Train
IMG20240303111332.jpg,6,33VoltBattery_1 DCMotor_1 ESP32CAM_1 FT232USBSerialModule_1 RaindropsModule_1 TaperPotentiometer_1,Black,ONEPLUS_NORD,Train
IMG20240303111639.jpg,6,33VoltBattery_1 DCMotor_1 ESP32CAM_1 FT232USBSerialModule_1 RaindropsModule_1 TaperPotentiometer_1,Wooden,ONEPLUS_NORD,Valid
IMG20240303111705.jpg,6,33VoltBattery_1 DCMotor_1 ESP32CAM_1 FT232USBSerialModule_1 RaindropsModule_1 TaperPotentiometer_1,Wooden,ONEPLUS_NORD,Train
IMG20240303111738.jpg,6,33VoltBattery_1 DCMotor_1 ESP32CAM_1 FT232USBSerialModule_1 RaindropsModule_1 TaperPotentiometer_1,Wooden,ONEPLUS_NORD,Train
IMG20240303111804.jpg,6,33VoltBattery_1 DCMotor_1 ESP32CAM_1 FT232USBSerialModule_1 RaindropsModule_1 TaperPotentiometer_1,Wooden,ONEPLUS_NORD,Train
IMG20240303111808.jpg,6,33VoltBattery_1 DCMotor_1 ESP32CAM_1 FT232USBSerialModule_1 RaindropsModule_1 TaperPotentiometer_1,Wooden,ONEPLUS_NORD,Train
IMG20240303111815.jpg,6,33VoltBattery_1 DCMotor_1 ESP32CAM_1 FT232USBSerialModule_1 RaindropsModule_1 TaperPotentiometer_1,Wooden,ONEPLUS_NORD,Train
IMG20240303111838.jpg,6,33VoltBattery_1 DCMotor_1 ESP32CAM_1 FT232USBSerialModule_1 RaindropsModule_1 TaperPotentiometer_1,Wooden,ONEPLUS_NORD,Train
IMG20240303111843.jpg,6,33VoltBattery_1 DCMotor_1 ESP32CAM_1 FT232USBSerialModule_1 RaindropsModule_1 TaperPotentiometer_1,Wooden,ONEPLUS_NORD,Train
IMG20240303111847.jpg,6,33VoltBattery_1 DCMotor_1 ESP32CAM_1 FT232USBSerialModule_1 RaindropsModule_1 TaperPotentiometer_1,Wooden,ONEPLUS_NORD,Train
IMG20240303111929.jpg,6,33VoltBattery_1 DCMotor_1 ESP32CAM_1 FT232USBSerialModule_1 RaindropsModule_1 TaperPotentiometer_1,Wooden,ONEPLUS_NORD,Train
IMG_20240303_105758.jpg,1,33VoltBattery_1,Wooden,REDMI,Train
IMG_20240303_105815.jpg,1,ESP32CAM_1,Wooden,REDMI,Train
IMG_20240303_105825.jpg,1,ESP32CAM_1,Wooden,REDMI,Train
IMG_20240303_105843.jpg,1,ESP32CAM_1,Wooden,REDMI,Valid
IMG_20240303_105846.jpg,1,ESP32CAM_1,Wooden,REDMI,Valid
IMG_20240303_105908.jpg,1,ESP32CAM_1,Wooden,REDMI,Train
IMG_20240303_105917.jpg,1,RaindropsModule_1,Wooden,REDMI,Valid
IMG_20240303_105938.jpg,1,RaindropsModule_1,Wooden,REDMI,Valid
IMG_20240303_105951.jpg,2,FT232USBSerialModule_1 TaperPotentiometer_1,Wooden,REDMI,Valid
IMG_20240303_105955.jpg,2,FT232USBSerialModule_1 TaperPotentiometer_1,Wooden,REDMI,Train
IMG_20240303_110013.jpg,1,FT232USBSerialModule_1,Wooden,REDMI,Train
IMG_20240303_110054.jpg,2,DCMotor_1 TaperPotentiometer_1,Wooden,REDMI,Train
IMG_20240303_110106.jpg,2, DCMotor_1  FT232USBSerialModule_1 ,Wooden,REDMI,Train
IMG_20240303_110113.jpg,2, DCMotor_1  FT232USBSerialModule_1 ,Wooden,REDMI,Test
IMG_20240303_110120.jpg,2, DCMotor_1  FT232USBSerialModule_1 ,Wooden,REDMI,Valid
IMG_20240303_110129.jpg,6,33VoltBattery_1 DCMotor_1 ESP32CAM_1 FT232USBSerialModule_1 RaindropsModule_1 TaperPotentiometer_1,Wooden,REDMI,Train
IMG_20240303_110137.jpg,5,33VoltBattery_1 DCMotor_1 ESP32CAM_1 FT232USBSerialModule_1 RaindropsModule_1 ,Wooden,REDMI,Train
IMG_20240303_110151.jpg,6,33VoltBattery_1 DCMotor_1 ESP32CAM_1 FT232USBSerialModule_1 RaindropsModule_1 TaperPotentiometer_1,Wooden,REDMI,Train
IMG_20240303_110239.jpg,5, DCMotor_1 ESP32CAM_1 FT232USBSerialModule_1 RaindropsModule_1 TaperPotentiometer_1,Tile,REDMI,Train
IMG_20240303_110259.jpg,6,33VoltBattery_1 DCMotor_1 ESP32CAM_1 FT232USBSerialModule_1 RaindropsModule_1 TaperPotentiometer_1,Tile,REDMI,Train
IMG_20240303_110327.jpg,6,33VoltBattery_1 DCMotor_1 ESP32CAM_1 FT232USBSerialModule_1 RaindropsModule_1 TaperPotentiometer_1,Tile,REDMI,Train
IMG_20240303_110335.jpg,6,33VoltBattery_1 DCMotor_1 ESP32CAM_1 FT232USBSerialModule_1 RaindropsModule_1 TaperPotentiometer_1,Tile,REDMI,Train
IMG_20240303_110345.jpg,6,33VoltBattery_1 DCMotor_1 ESP32CAM_1 FT232USBSerialModule_1 RaindropsModule_1 TaperPotentiometer_1,Tile,REDMI,Valid
IMG_20240303_110412.jpg,6,33VoltBattery_1 DCMotor_1 ESP32CAM_1 FT232USBSerialModule_1 RaindropsModule_1 TaperPotentiometer_1,Tile,REDMI,Test
IMG_20240303_110417.jpg,6,33VoltBattery_1 DCMotor_1 ESP32CAM_1 FT232USBSerialModule_1 RaindropsModule_1 TaperPotentiometer_1,Tile,REDMI,Train
IMG_20240303_110428.jpg,6,33VoltBattery_1 DCMotor_1 ESP32CAM_1 FT232USBSerialModule_1 RaindropsModule_1 TaperPotentiometer_1,Tile,REDMI,Train
IMG_20240303_110507.jpg,6,33VoltBattery_1 DCMotor_1 ESP32CAM_1 FT232USBSerialModule_1 RaindropsModule_1 TaperPotentiometer_1,Tile,REDMI,Train
IMG_20240303_110523.jpg,6,33VoltBattery_1 DCMotor_1 ESP32CAM_1 FT232USBSerialModule_1 RaindropsModule_1 TaperPotentiometer_1,Tile,REDMI,Valid
IMG_20240303_110604.jpg,1, FT232USBSerialModule_1 ,Tile,REDMI,Test
IMG_20240303_110630.jpg,2,33VoltBattery_1 DCMotor_1,Tile,REDMI,Train
IMG_20240303_110827.jpg,6,33VoltBattery_1 DCMotor_1 ESP32CAM_1 FT232USBSerialModule_1 RaindropsModule_1 TaperPotentiometer_1,Black,REDMI,Train
IMG_20240303_110842.jpg,4,33VoltBattery_1 DCMotor_1 ESP32CAM_1 RaindropsModule_1 ,Black,REDMI,Train
IMG_20240303_110904.jpg,6,33VoltBattery_1 DCMotor_1 ESP32CAM_1 FT232USBSerialModule_1 RaindropsModule_1 TaperPotentiometer_1,Black,REDMI,Test
IMG_20240303_111019.jpg,6,33VoltBattery_1 DCMotor_1 ESP32CAM_1 FT232USBSerialModule_1 RaindropsModule_1 TaperPotentiometer_1,Black,REDMI,Train
IMG_20240303_111039.jpg,6,33VoltBattery_1 DCMotor_1 ESP32CAM_1 FT232USBSerialModule_1 RaindropsModule_1 TaperPotentiometer_1,Black,REDMI,Valid
IMG_20240303_111100.jpg,6,33VoltBattery_1 DCMotor_1 ESP32CAM_1 FT232USBSerialModule_1 RaindropsModule_1 TaperPotentiometer_1,Black,REDMI,Train
IMG_20240303_111127.jpg,6,33VoltBattery_1 DCMotor_1 ESP32CAM_1 FT232USBSerialModule_1 RaindropsModule_1 TaperPotentiometer_1,Black,REDMI,Valid
IMG_20240303_111136.jpg,6,33VoltBattery_1 DCMotor_1 ESP32CAM_1 FT232USBSerialModule_1 RaindropsModule_1 TaperPotentiometer_1,Black,REDMI,Train
IMG_20240303_111150.jpg,2, ESP32CAM_1 FT232USBSerialModule_1 ,Black,REDMI,Train
IMG_20240303_111154.jpg,2, ESP32CAM_1 FT232USBSerialModule_1 ,Black,REDMI,Train
IMG_20240303_111244.jpg,3,ESP32CAM_1  RaindropsModule_1 TaperPotentiometer_1,Black,REDMI,Train
IMG_20240303_111327.jpg,6,33VoltBattery_1 DCMotor_1 ESP32CAM_1 FT232USBSerialModule_1 RaindropsModule_1 TaperPotentiometer_1,Black,REDMI,Train
IMG_20240303_111333.jpg,6,33VoltBattery_1 DCMotor_1 ESP32CAM_1 FT232USBSerialModule_1 RaindropsModule_1 TaperPotentiometer_1,Black,REDMI,Train
IMG_20240303_111339.jpg,6,33VoltBattery_1 DCMotor_1 ESP32CAM_1 FT232USBSerialModule_1 RaindropsModule_1 TaperPotentiometer_1,Black,REDMI,Train
IMG_20240303_111418.jpg,5,33VoltBattery_1 DCMotor_1 ESP32CAM_1 RaindropsModule_1 TaperPotentiometer_1,Wooden,REDMI,Train
IMG_20240303_111439.jpg,5,33VoltBattery_1 DCMotor_1 FT232USBSerialModule_1 RaindropsModule_1 TaperPotentiometer_1,Wooden,REDMI,Train
IMG_20240303_111448.jpg,5,33VoltBattery_1 DCMotor_1 FT232USBSerialModule_1 RaindropsModule_1 TaperPotentiometer_1,Wooden,REDMI,Valid
IMG_20240303_111507.jpg,6,33VoltBattery_1 DCMotor_1 ESP32CAM_1 FT232USBSerialModule_1 RaindropsModule_1 TaperPotentiometer_1,Wooden,REDMI,Train
IMG_20240303_111519.jpg,6,33VoltBattery_1 DCMotor_1 ESP32CAM_1 FT232USBSerialModule_1 RaindropsModule_1 TaperPotentiometer_1,Wooden,REDMI,Train
IMG_20240303_111535.jpg,6,33VoltBattery_1 DCMotor_1 ESP32CAM_1 FT232USBSerialModule_1 RaindropsModule_1 TaperPotentiometer_1,Wooden,REDMI,Train
IMG_20240303_111538.jpg,6,33VoltBattery_1 DCMotor_1 ESP32CAM_1 FT232USBSerialModule_1 RaindropsModule_1 TaperPotentiometer_1,Wooden,REDMI,Train
IMG_20240303_111543.jpg,6,33VoltBattery_1 DCMotor_1 ESP32CAM_1 FT232USBSerialModule_1 RaindropsModule_1 TaperPotentiometer_1,Wooden,REDMI,Train
IMG_20240303_111552.jpg,5,33VoltBattery_1 DCMotor_1 FT232USBSerialModule_1 RaindropsModule_1 TaperPotentiometer_1,Wooden,REDMI,Test
IMG_20240303_105731.jpg,1,33VoltBattery_1,Wooden,REDMI,Train
IMG_20240303_105739.jpg,1,33VoltBattery_1,Wooden,REDMI,Valid
IMG_20240303_105748.jpg,1,33VoltBattery_1,Wooden,REDMI,Valid
IMG_20240303_105752.jpg,1,33VoltBattery_1,Wooden,REDMI,Train
IMG_20240303_105811.jpg,1,ESP32CAM_1,Wooden,REDMI,Train
IMG_20240303_105829.jpg,1,ESP32CAM_1,Wooden,REDMI,Train
IMG_20240303_105837.jpg,1,ESP32CAM_1,Wooden,REDMI,Test
IMG_20240303_105854.jpg,1,ESP32CAM_1,Wooden,REDMI,Train
IMG_20240303_105902.jpg,1,ESP32CAM_1,Wooden,REDMI,Valid
IMG_20240303_105920.jpg,1,RaindropsModule_1,Wooden,REDMI,Train
IMG_20240303_105932.jpg,1,RaindropsModule_1,Wooden,REDMI,Train
IMG_20240303_105959.jpg,2,FT232USBSerialModule_1 TaperPotentiometer_1,Wooden,REDMI,Train
IMG_20240303_110004.jpg,2,FT232USBSerialModule_1 TaperPotentiometer_1,Wooden,REDMI,Valid
IMG_20240303_110008.jpg,1,TaperPotentiometer_1,Wooden,REDMI,Train
IMG_20240303_110020.jpg,2,FT232USBSerialModule_1 TaperPotentiometer_1,Wooden,REDMI,Train
IMG_20240303_110025.jpg,2,FT232USBSerialModule_1 TaperPotentiometer_1,Wooden,REDMI,Train
IMG_20240303_110035.jpg,2,FT232USBSerialModule_1 TaperPotentiometer_1,Wooden,REDMI,Valid
IMG_20240303_110048.jpg,2,DCMotor_1 TaperPotentiometer_1,Wooden,REDMI,Test
IMG_20240303_110144.jpg,6,33VoltBattery_1 DCMotor_1 ESP32CAM_1 FT232USBSerialModule_1 RaindropsModule_1 TaperPotentiometer_1,Wooden,REDMI,Train
IMG_20240303_110205.jpg,6,33VoltBattery_1 DCMotor_1 ESP32CAM_1 FT232USBSerialModule_1 RaindropsModule_1 TaperPotentiometer_1,Wooden,REDMI,Train
IMG_20240303_110229.jpg,3,33VoltBattery_1 DCMotor_1 ESP32CAM_1,Tile,REDMI,Valid
IMG_20240303_110245.jpg,6,33VoltBattery_1 DCMotor_1 ESP32CAM_1 FT232USBSerialModule_1 RaindropsModule_1 TaperPotentiometer_1,Tile,REDMI,Train
IMG_20240303_110249.jpg,6,33VoltBattery_1 DCMotor_1 ESP32CAM_1 FT232USBSerialModule_1 RaindropsModule_1 TaperPotentiometer_1,Tile,REDMI,Train
IMG_20240303_110255.jpg,6,33VoltBattery_1 DCMotor_1 ESP32CAM_1 FT232USBSerialModule_1 RaindropsModule_1 TaperPotentiometer_1,Tile,REDMI,Train
IMG_20240303_110324.jpg,6,33VoltBattery_1 DCMotor_1 ESP32CAM_1 FT232USBSerialModule_1 RaindropsModule_1 TaperPotentiometer_1,Tile,REDMI,Test
IMG_20240303_110341.jpg,6,33VoltBattery_1 DCMotor_1 ESP32CAM_1 FT232USBSerialModule_1 RaindropsModule_1 TaperPotentiometer_1,Tile,REDMI,Train
IMG_20240303_110421.jpg,6,33VoltBattery_1 DCMotor_1 ESP32CAM_1 FT232USBSerialModule_1 RaindropsModule_1 TaperPotentiometer_1,Tile,REDMI,Train
IMG_20240303_110511.jpg,6,33VoltBattery_1 DCMotor_1 ESP32CAM_1 FT232USBSerialModule_1 RaindropsModule_1 TaperPotentiometer_1,Tile,REDMI,Train
IMG_20240303_110518.jpg,6,33VoltBattery_1 DCMotor_1 ESP32CAM_1 FT232USBSerialModule_1 RaindropsModule_1 TaperPotentiometer_1,Tile,REDMI,Train
IMG_20240303_110831.jpg,6,33VoltBattery_1 DCMotor_1 ESP32CAM_1 FT232USBSerialModule_1 RaindropsModule_1 TaperPotentiometer_1,Black,REDMI,Train
IMG_20240303_110854.jpg,6,33VoltBattery_1 DCMotor_1 ESP32CAM_1 FT232USBSerialModule_1 RaindropsModule_1 TaperPotentiometer_1,Black,REDMI,Train
IMG_20240303_110914.jpg,6,33VoltBattery_1 DCMotor_1 ESP32CAM_1 FT232USBSerialModule_1 RaindropsModule_1 TaperPotentiometer_1,Black,REDMI,Valid
IMG_20240303_110946.jpg,6,33VoltBattery_1 DCMotor_1 ESP32CAM_1 FT232USBSerialModule_1 RaindropsModule_1 TaperPotentiometer_1,Black,REDMI,Train
IMG_20240303_110953.jpg,6,33VoltBattery_1 DCMotor_1 ESP32CAM_1 FT232USBSerialModule_1 RaindropsModule_1 TaperPotentiometer_1,Black,REDMI,Train
IMG_20240303_111014.jpg,6,33VoltBattery_1 DCMotor_1 ESP32CAM_1 FT232USBSerialModule_1 RaindropsModule_1 TaperPotentiometer_1,Black,REDMI,Train
IMG_20240303_111025.jpg,6,33VoltBattery_1 DCMotor_1 ESP32CAM_1 FT232USBSerialModule_1 RaindropsModule_1 TaperPotentiometer_1,Black,REDMI,Train
IMG_20240303_111048.jpg,6,33VoltBattery_1 DCMotor_1 ESP32CAM_1 FT232USBSerialModule_1 RaindropsModule_1 TaperPotentiometer_1,Black,REDMI,Train
IMG_20240303_111206.jpg,3,33VoltBattery_1 ESP32CAM_1 FT232USBSerialModule_1,Black,REDMI,Test
IMG_20240303_111217.jpg,3,33VoltBattery_1 ESP32CAM_1 TaperPotentiometer_1,Black,REDMI,Train
IMG_20240303_111225.jpg,3,33VoltBattery_1 RaindropsModule_1 TaperPotentiometer_1,Black,REDMI,Train
IMG_20240303_111239.jpg,3,ESP32CAM_1 RaindropsModule_1 TaperPotentiometer_1,Black,REDMI,Valid
IMG_20240303_111302.jpg,6,33VoltBattery_1 DCMotor_1 ESP32CAM_1 FT232USBSerialModule_1 RaindropsModule_1 TaperPotentiometer_1,Black,REDMI,Valid
IMG_20240303_111309.jpg,6,33VoltBattery_1 DCMotor_1 ESP32CAM_1 FT232USBSerialModule_1 RaindropsModule_1 TaperPotentiometer_1,Black,REDMI,Train
IMG_20240303_111414.jpg,5,33VoltBattery_1 DCMotor_1 ESP32CAM_1 RaindropsModule_1 TaperPotentiometer_1,Wooden,REDMI,Train
IMG_20240303_111426.jpg,6,33VoltBattery_1 DCMotor_1 ESP32CAM_1 FT232USBSerialModule_1 RaindropsModule_1 TaperPotentiometer_1,Wooden,REDMI,Train
IMG_20240303_111434.jpg,5,33VoltBattery_1 DCMotor_1 FT232USBSerialModule_1 RaindropsModule_1 TaperPotentiometer_1,Wooden,REDMI,Train
IMG_20240303_111444.jpg,5,33VoltBattery_1 DCMotor_1 FT232USBSerialModule_1 RaindropsModule_1 TaperPotentiometer_1,Wooden,REDMI,Train
IMG_20240303_111456.jpg,6,33VoltBattery_1 DCMotor_1 ESP32CAM_1 FT232USBSerialModule_1 RaindropsModule_1 TaperPotentiometer_1,Wooden,REDMI,Train
IMG_20240303_111459.jpg,6,33VoltBattery_1 DCMotor_1 ESP32CAM_1 FT232USBSerialModule_1 RaindropsModule_1 TaperPotentiometer_1,Wooden,REDMI,Test
IMG_20240303_111511.jpg,6,33VoltBattery_1 DCMotor_1 ESP32CAM_1 FT232USBSerialModule_1 RaindropsModule_1 TaperPotentiometer_1,Wooden,REDMI,Valid
IMG_20240303_111515.jpg,6,33VoltBattery_1 DCMotor_1 ESP32CAM_1 FT232USBSerialModule_1 RaindropsModule_1 TaperPotentiometer_1,Wooden,REDMI,Valid
IMG_20240303_111531.jpg,6,33VoltBattery_1 DCMotor_1 ESP32CAM_1 FT232USBSerialModule_1 RaindropsModule_1 TaperPotentiometer_1,Wooden,REDMI,Train
IMG_20240303_111548.jpg,6,33VoltBattery_1 DCMotor_1 ESP32CAM_1 FT232USBSerialModule_1 RaindropsModule_1 TaperPotentiometer_1,Wooden,REDMI,Train
IMG20240306115331.jpg,5,DCMotor_1 ESP32CAM_1 FT232USBSerialModule_1 RaindropsModule_1 TaperPotentiometer_1,Wooden,X,Train
IMG20240306115335.jpg,5,DCMotor_1 ESP32CAM_1 FT232USBSerialModule_1 RaindropsModule_1 TaperPotentiometer_1,Wooden,X,Train
IMG20240306115356.jpg,5,DCMotor_1 ESP32CAM_1 FT232USBSerialModule_1 RaindropsModule_1 TaperPotentiometer_1,Wooden,X,Test
IMG20240306115402.jpg,5,DCMotor_1 ESP32CAM_1 FT232USBSerialModule_1 RaindropsModule_1 TaperPotentiometer_1,Wooden,X,Valid
IMG20240306115416.jpg,5,DCMotor_1 ESP32CAM_1 FT232USBSerialModule_1 RaindropsModule_1 TaperPotentiometer_1,Wooden,X,Test
IMG20240306115613.jpg,5,DCMotor_1 ESP32CAM_1 FT232USBSerialModule_1 RaindropsModule_1 TaperPotentiometer_1,Tile,X,Train
IMG20240306115619.jpg,5,DCMotor_1 ESP32CAM_1 FT232USBSerialModule_1 RaindropsModule_1 TaperPotentiometer_1,Tile,X,Train
IMG20240306115634.jpg,5,DCMotor_1 ESP32CAM_1 FT232USBSerialModule_1 RaindropsModule_1 TaperPotentiometer_1,Tile,X,Train
IMG20240306115645.jpg,5,DCMotor_1 ESP32CAM_1 FT232USBSerialModule_1 RaindropsModule_1 TaperPotentiometer_1,Tile,X,Train
IMG20240306115737.jpg,5,DCMotor_1 ESP32CAM_1 FT232USBSerialModule_1 RaindropsModule_1 TaperPotentiometer_1,Tile,X,Train
IMG20240306115813.jpg,5,DCMotor_1 ESP32_1 FT232USBSerialModule_1 RaindropsModule_1 TaperPotentiometer_1,Black,X,Train
IMG20240306115829.jpg,5,DCMotor_1 ESP32CAM_1 FT232USBSerialModule_1 RaindropsModule_1 TaperPotentiometer_1,Black,X,Train
IMG20240306115840.jpg,5,DCMotor_1 ESP32CAM_1 FT232USBSerialModule_1 RaindropsModule_1 TaperPotentiometer_1,Black,X,Train
IMG20240306115900.jpg,5,DCMotor_1 ESP32CAM_1 FT232USBSerialModule_1 RaindropsModule_1 TaperPotentiometer_1,Black,X,Train
IMG20240306115903.jpg,5,DCMotor_1 ESP32CAM_1 FT232USBSerialModule_1 RaindropsModule_1 TaperPotentiometer_1,Black,X,Train
IMG20240306115907.jpg,4,DCMotor_1 ESP32CAM_1 RaindropsModule_1 TaperPotentiometer_1,Black,X,Valid
IMG20240306115945.jpg,5,DCMotor_1 ESP32CAM_1 FT232USBSerialModule_1 RaindropsModule_1 TaperPotentiometer_1,Wooden,X,Valid
IMG20240306115954.jpg,5,DCMotor_1 ESP32CAM_1 FT232USBSerialModule_1 RaindropsModule_1 TaperPotentiometer_1,Wooden,X,Valid
IMG20240306115958.jpg,5,DCMotor_1 ESP32CAM_1 FT232USBSerialModule_1 RaindropsModule_1 TaperPotentiometer_1,Wooden,X,Train
IMG20240306120018.jpg,4,DCMotor_1 ESP32CAM_2 FT232USBSerialModule_1 TaperPotentiometer_1,Wooden,X,Train
IMG20240306120023.jpg,5,DCMotor_1 ESP32CAM_1 FT232USBSerialModule_1 RaindropsModule_1 TaperPotentiometer_1,Wooden,X,Valid
IMG20240306120031.jpg,5,DCMotor_1 ESP32CAM_1 FT232USBSerialModule_1 RaindropsModule_1 TaperPotentiometer_1,Wooden,X,Train
IMG20240306120053.jpg,5,DCMotor_1 ESP32CAM_1 FT232USBSerialModule_1 RaindropsModule_1 TaperPotentiometer_1,Wooden,X,Train
IMG_20240306_115212.jpg,2,15VoltBattery_3 33VoltBattery_1,Wooden,REDMI,Test
IMG_20240306_115333.jpg,3,15VoltBattery_1 33VoltBattery_1 TCRT5000_1,Wooden,REDMI,Train
IMG_20240306_115359.jpg,1,15VoltBattery_3,Wooden,REDMI,Valid
IMG_20240306_115824.jpg,3,15VoltBattery_1 ArduinoNano_1 BuckConverter_1,Wooden,REDMI,Valid
IMG_20240306_115849.jpg,4,15VoltBattery_1 33VoltBattery_1 ArduinoMega_1 BuckConverter_1,Wooden,REDMI,Valid
IMG_20240306_115916.jpg,5,15VoltBattery_1 33VoltBattery_1 7SegmentDisplay_1 ArduinoMega_1 BuckConverter_1,Wooden,REDMI,Valid
IMG_20240306_115935.jpg,3,33VoltBattery_1 ArduinoMega_1 Breadboard_1,Wooden,REDMI,Train
IMG_20240306_115939.jpg,3,33VoltBattery_1 ArduinoMega_1 Breadboard_1,Wooden,REDMI,Train
IMG_20240306_115958.jpg,3,33VoltBattery_1 ArduinoMega_1 Breadboard_1,Wooden,REDMI,Train
IMG_20240306_120025.jpg,3,7SegmentDisplay_1 Breadboard_1 TCRT5000_1,Wooden,REDMI,Test
IMG_20240306_120034.jpg,3,7SegmentDisplay_1 Breadboard_1 TCRT5000_1,Wooden,REDMI,Train
IMG_20240306_120039.jpg,3,7SegmentDisplay_1 Breadboard_1 TCRT5000_1,Wooden,REDMI,Train
IMG_20240306_120051.jpg,4,33VoltBattery_1 7SegmentDisplay_1 Breadboard_1 TCRT5000_1,Wooden,REDMI,Train
IMG_20240306_120102.jpg,1,ArduinoMega_1,Wooden,REDMI,Train
IMG_20240306_120107.jpg,1,BuckConverter_1,Wooden,REDMI,Train
IMG_20240306_120116.jpg,1,BuckConverter_1,Wooden,REDMI,Train
IMG_20240306_120223.jpg,3,33VoltBattery_1 7SegmentDisplay_1 BuckConverter_1,Tile,REDMI,Train
IMG_20240306_120238.jpg,4,33VoltBattery_1 7SegmentDisplay_1 BuckConverter_1 TCRT5000_1,Tile,REDMI,Valid
IMG_20240306_120243.jpg,4,33VoltBattery_1 7SegmentDisplay_1 BuckConverter_1 TCRT5000_1,Tile,REDMI,Train
IMG_20240306_120310.jpg,5,33VoltBattery_1 7SegmentDisplay_1 Breadboard_1 BuckConverter_1 TCRT5000_1,Tile,REDMI,Train
IMG_20240306_120326.jpg,6,33VoltBattery_1 7SegmentDisplay_1 ArduinoMega_1 Breadboard_1 BuckConverter_1 TCRT5000_1,Tile,REDMI,Train
IMG_20240306_120329.jpg,6,33VoltBattery_1 7SegmentDisplay_1 ArduinoMega_1 Breadboard_1 BuckConverter_1 TCRT5000_1,Tile,REDMI,Valid
IMG_20240306_120333.jpg,6,33VoltBattery_1 7SegmentDisplay_1 ArduinoMega_1 Breadboard_1 BuckConverter_1 TCRT5000_1,Tile,REDMI,Train
IMG_20240306_120340.jpg,5,33VoltBattery_1 7SegmentDisplay_1 ArduinoMega_1 Breadboard_1 BuckConverter_1,Tile,REDMI,Train
IMG_20240306_120423.jpg,5,33VoltBattery_1 7SegmentDisplay_1 ArduinoMega_1 BuckConverter_1 TCRT5000_1,Tile,REDMI,Train
IMG_20240306_120440.jpg,5,33VoltBattery_1 ArduinoMega_1 Breadboard_1 BuckConverter_1 TCRT5000_1,Tile,REDMI,Train
IMG_20240306_120446.jpg,2,7SegmentDisplay_1 ArduinoMega_1,Tile,REDMI,Train
IMG_20240306_120644.jpg,5,33VoltBattery_1 ArduinoMega_1 Breadboard_1 ESP32CAM_1 RaindropsModule_1,Black,REDMI,Valid
IMG_20240306_120648.jpg,5,33VoltBattery_1 ArduinoMega_1 Breadboard_1 ESP32CAM_1 RaindropsModule_1,Black,REDMI,Test
IMG_20240306_120700.jpg,5,33VoltBattery_1 ArduinoMega_1 Breadboard_1 ESP32CAM_1 RaindropsModule_1,Black,REDMI,Train
IMG_20240306_120713.jpg,5,33VoltBattery_1 ArduinoMega_1 Breadboard_1 ESP32CAM_1 RaindropsModule_1,Black,REDMI,Train
IMG_20240306_120745.jpg,5,33VoltBattery_1 ArduinoMega_1 Breadboard_1 ESP32CAM_1 RaindropsModule_1,Black,REDMI,Train
IMG_20240306_120752.jpg,5,33VoltBattery_1 ArduinoMega_1 Breadboard_1 ESP32CAM_1 RaindropsModule_1,Black,REDMI,Test
IMG_20240306_120834.jpg,5,33VoltBattery_1 ArduinoMega_1 Breadboard_1 ESP32CAM_1 RaindropsModule_1,Black,REDMI,Train
IMG_20240306_120843.jpg,5,33VoltBattery_1 ArduinoMega_1 Breadboard_1 ESP32CAM_1 RaindropsModule_1,Black,REDMI,Train
IMG_20240306_120922.jpg,4,33VoltBattery_1 ArduinoMega_1 Breadboard_1 ESP32CAM_1,Black,REDMI,Train
IMG_20240306_120926.jpg,4,33VoltBattery_1 ArduinoMega_1 Breadboard_1 ESP32CAM_1,Black,REDMI,Train
IMG_20240306_120931.jpg,5,33VoltBattery_1 ArduinoMega_1 Breadboard_1 ESP32CAM_1 RaindropsModule_1,Black,REDMI,Train
IMG_20240306_115158.jpg,2,15VoltBattery_3 33VoltBattery_1,Wooden,REDMI,Valid
IMG_20240306_115233.jpg,3,15VoltBattery_1 33VoltBattery_1 7SegmentDisplay_1,Wooden,REDMI,Train
IMG_20240306_115248.jpg,3,15VoltBattery_2 33VoltBattery_1 7SegmentDisplay_1,Wooden,REDMI,Valid
IMG_20240306_115255.jpg,3,15VoltBattery_2 33VoltBattery_1 7SegmentDisplay_1,Wooden,REDMI,Train
IMG_20240306_115407.jpg,1,15VoltBattery_3,Wooden,REDMI,Train
IMG_20240306_115417.jpg,2,15VoltBattery_3 33VoltBattery_1,Wooden,REDMI,Train
IMG_20240306_115526.jpg,1,TCRT5000_1,Wooden,REDMI,Valid
IMG_20240306_115614.jpg,3,33VoltBattery_1 ArduinoMega_1 BuckConverter_1,Wooden,REDMI,Train
IMG_20240306_115820.jpg,1,15VoltBattery_3,Wooden,REDMI,Train
IMG_20240306_115853.jpg,4,15VoltBattery_1 33VoltBattery_1 ArduinoMega_1 BuckConverter_1,Wooden,REDMI,Train
IMG_20240306_115904.jpg,5,15VoltBattery_1 33VoltBattery_1 7SegmentDisplay_1 ArduinoMega_2 BuckConverter_1,Wooden,REDMI,Train
IMG_20240306_115909.jpg,4,15VoltBattery_1 7SegmentDisplay_1 ArduinoMega_1 BuckConverter_1,Wooden,REDMI,Train
IMG_20240306_115946.jpg,3,7SegmentDisplay_1 BuckConverter_1 TCRT5000_1,Wooden,REDMI,Train
IMG_20240306_115952.jpg,3,7SegmentDisplay_1 BuckConverter_1 TCRT5000_1,Wooden,REDMI,Train
IMG_20240306_120005.jpg,3,33VoltBattery_1 ArduinoMega_1 Breadboard_1,Wooden,REDMI,Train
IMG_20240306_120047.jpg,4,33VoltBattery_1 7SegmentDisplay_1 Breadboard_1 TCRT5000_1,Wooden,REDMI,Train
IMG_20240306_120055.jpg,1,ArduinoMega_1,Wooden,REDMI,Train
IMG_20240306_120248.jpg,3,33VoltBattery_2 BuckConverter_1 TCRT5000_1,Tile,REDMI,Train
IMG_20240306_120259.jpg,5,33VoltBattery_1 7SegmentDisplay_1 Breadboard_1 BuckConverter_1 TCRT5000_1,Tile,REDMI,Test
IMG_20240306_120303.jpg,5,33VoltBattery_1 7SegmentDisplay_1 Breadboard_1 BuckConverter_1 TCRT5000_1,Tile,REDMI,Train
IMG_20240306_120346.jpg,1,Breadboard_1,Tile,REDMI,Train
IMG_20240306_120418.jpg,4,33VoltBattery_1 ArduinoMega_1 BuckConverter_1 TCRT5000_1,Tile,REDMI,Valid
IMG_20240306_120433.jpg,5,33VoltBattery_1 ArduinoMega_1 Breadboard_1 BuckConverter_1 TCRT5000_1,Tile,REDMI,Test
IMG_20240306_120451.jpg,6,33VoltBattery_1 7SegmentDisplay_1 ArduinoMega_1 Breadboard_1 BuckConverter_1 TCRT5000_1,Tile,REDMI,Train
IMG_20240306_120641.jpg,5,33VoltBattery_1 ArduinoMega_1 Breadboard_1 ESP32CAM_1 RaindropsModule_1,Black,REDMI,Valid
IMG_20240306_120655.jpg,5,33VoltBattery_1 ArduinoMega_1 Breadboard_1 ESP32CAM_1 RaindropsModule_1,Black,REDMI,Train
IMG_20240306_120801.jpg,5,33VoltBattery_1 ArduinoMega_1 Breadboard_1 ESP32CAM_1 RaindropsModule_1,Black,REDMI,Valid
IMG_20240306_120807.jpg,5,33VoltBattery_1 ArduinoMega_1 Breadboard_1 ESP32CAM_1 RaindropsModule_1,Black,REDMI,Test
IMG_20240306_120824.jpg,5,33VoltBattery_1 ArduinoMega_1 Breadboard_1 ESP32CAM_1 RaindropsModule_1,Black,REDMI,Train
IMG_20240306_120829.jpg,5,33VoltBattery_1 ArduinoMega_1 Breadboard_1 ESP32CAM_1 RaindropsModule_1,Black,REDMI,Train
IMG_20240306_120838.jpg,5,33VoltBattery_1 ArduinoMega_1 Breadboard_1 ESP32CAM_1 RaindropsModule_1,Black,REDMI,Train
IMG_20240306_120857.jpg,2,ArduinoMega_1 ESP32CAM_1,Black,REDMI,Valid
IMG_20240306_120903.jpg,3,ArduinoMega_1 ESP32CAM_1 RaindropsModule_1,Black,REDMI,Train
IMG_20240306_120915.jpg,3,33VoltBattery_1 ArduinoMega_1 Breadboard_1,Black,REDMI,Train
IMG_20240306_120936.jpg,5,33VoltBattery_1 ArduinoMega_1 Breadboard_1 ESP32CAM_1 RaindropsModule_1,Black,REDMI,Train
IMG_20240306_120953.jpg,5,33VoltBattery_1 ArduinoMega_1 Breadboard_1 ESP32CAM_1 RaindropsModule_1,Black,REDMI,Train
IMG_20240306_121000.jpg,5,33VoltBattery_1 ArduinoMega_1 Breadboard_1 ESP32CAM_1 RaindropsModule_1,Black,REDMI,Train
IMG_20240306_121004.jpg,5,33VoltBattery_1 ArduinoMega_1 Breadboard_1 ESP32CAM_1 RaindropsModule_1,Black,REDMI,Test
IMG_20240306_143333.jpg,5,7SegmentDisplay_1 ArduinoMega_1 Breadboard_1 BuckConverter_1 TCRT5000_1,Wooden,REDMI,Train
IMG_20240306_143344.jpg,4,7SegmentDisplay_1 ArduinoMega_1 Breadboard_1 TCRT5000_1,Wooden,REDMI,Train
IMG_20240306_143347.jpg,5,7SegmentDisplay_1 ArduinoMega_1 Breadboard_1 BuckConverter_1 TCRT5000_1,Wooden,REDMI,Train
IMG_20240306_143405.jpg,5,7SegmentDisplay_1 ArduinoMega_1 Breadboard_1 BuckConverter_1 TCRT5000_1,Wooden,REDMI,Valid
IMG_20240306_143413.jpg,5,7SegmentDisplay_1 ArduinoMega_1 Breadboard_1 BuckConverter_1 TCRT5000_1,Wooden,REDMI,Train
IMG_20240306_143418.jpg,5,7SegmentDisplay_1 ArduinoMega_1 Breadboard_1 BuckConverter_1 TCRT5000_1,Wooden,REDMI,Train
IMG_20240306_143501.jpg,5,7SegmentDisplay_1 ArduinoMega_1 Breadboard_1 BuckConverter_1 TCRT5000_1,Wooden,REDMI,Train
IMG_20240306_143504.jpg,5,7SegmentDisplay_1 ArduinoMega_1 Breadboard_1 BuckConverter_1 TCRT5000_1,Wooden,REDMI,Train
IMG_20240306_143546.jpg,5,7SegmentDisplay_1 ArduinoMega_1 Breadboard_1 BuckConverter_1 TCRT5000_1,Wooden,REDMI,Train
IMG_20240306_143549.jpg,5,7SegmentDisplay_1 ArduinoMega_1 Breadboard_1 BuckConverter_1 TCRT5000_1,Wooden,REDMI,Train
IMG_20240306_143552.jpg,5,7SegmentDisplay_1 ArduinoMega_1 Breadboard_1 BuckConverter_1 TCRT5000_1,Wooden,REDMI,Train
IMG_20240306_143648.jpg,5,7SegmentDisplay_1 ArduinoMega_1 Breadboard_1 BuckConverter_1 TCRT5000_1,Tile,REDMI,Test
IMG_20240306_143708.jpg,5,7SegmentDisplay_1 ArduinoMega_1 Breadboard_1 BuckConverter_1 TCRT5000_1,Tile,REDMI,Valid
IMG_20240306_143718.jpg,5,7SegmentDisplay_1 ArduinoMega_1 Breadboard_1 BuckConverter_1 TCRT5000_1,Tile,REDMI,Train
IMG_20240306_143733.jpg,5,7SegmentDisplay_1 ArduinoMega_1 Breadboard_1 BuckConverter_1 TCRT5000_1,Tile,REDMI,Train
IMG_20240306_143750.jpg,5,7SegmentDisplay_1 ArduinoMega_1 Breadboard_1 BuckConverter_1 TCRT5000_1,Tile,REDMI,Train
IMG_20240306_143805.jpg,5,7SegmentDisplay_1 ArduinoMega_1 Breadboard_1 BuckConverter_1 TCRT5000_1,Tile,REDMI,Train
IMG_20240306_143818.jpg,2,7SegmentDisplay_1 BuckConverter_1,Tile,REDMI,Train
IMG_20240306_143836.jpg,5,7SegmentDisplay_1 ArduinoMega_1 Breadboard_1 BuckConverter_1 TCRT5000_1,Tile,REDMI,Train
IMG_20240306_143844.jpg,5,7SegmentDisplay_1 ArduinoMega_1 Breadboard_1 BuckConverter_1 TCRT5000_1,Tile,REDMI,Train
IMG_20240306_143945.jpg,5,7SegmentDisplay_1 ArduinoMega_1 Breadboard_1 BuckConverter_1 TCRT5000_1,Black,REDMI,Train
IMG_20240306_143948.jpg,5,7SegmentDisplay_1 ArduinoMega_1 Breadboard_1 BuckConverter_1 TCRT5000_1,Black,REDMI,Train
IMG_20240306_143951.jpg,5,7SegmentDisplay_1 ArduinoMega_1 Breadboard_1 BuckConverter_1 TCRT5000_1,Black,REDMI,Train
IMG_20240306_144000.jpg,5,7SegmentDisplay_1 ArduinoMega_1 Breadboard_1 BuckConverter_1 TCRT5000_1,Black,REDMI,Valid
IMG_20240306_144014.jpg,5,7SegmentDisplay_1 ArduinoMega_1 Breadboard_1 BuckConverter_1 TCRT5000_1,Black,REDMI,Train
IMG_20240306_144020.jpg,5,7SegmentDisplay_1 ArduinoMega_1 Breadboard_1 BuckConverter_1 TCRT5000_1,Black,REDMI,Train
IMG_20240306_144050.jpg,3,7SegmentDisplay_1 Breadboard_1 TCRT5000_1,Black,REDMI,Valid
IMG_20240306_144100.jpg,5,7SegmentDisplay_1 ArduinoMega_1 Breadboard_1 BuckConverter_1 TCRT5000_1,Black,REDMI,Valid
IMG_20240306_144142.jpg,5,7SegmentDisplay_1 ArduinoMega_1 Breadboard_1 BuckConverter_1 TCRT5000_1,Wooden,REDMI,Valid
IMG_20240306_144150.jpg,5,7SegmentDisplay_1 ArduinoMega_1 Breadboard_1 BuckConverter_1 TCRT5000_1,Wooden,REDMI,Test
IMG_20240306_144215.jpg,5,7SegmentDisplay_1 ArduinoMega_1 Breadboard_1 BuckConverter_1 TCRT5000_1,Wooden,REDMI,Test
IMG_20240306_143330.jpg,5,7SegmentDisplay_1 ArduinoMega_1 Breadboard_1 BuckConverter_1 TCRT5000_1,Wooden,REDMI,Train
IMG_20240306_143338.jpg,5,7SegmentDisplay_1 ArduinoMega_1 Breadboard_1 BuckConverter_1 TCRT5000_1,Wooden,REDMI,Train
IMG_20240306_143409.jpg,5,7SegmentDisplay_1 ArduinoMega_1 Breadboard_1 BuckConverter_1 TCRT5000_1,Wooden,REDMI,Valid
IMG_20240306_143422.jpg,4,7SegmentDisplay_1 ArduinoMega_1 Breadboard_1 BuckConverter_1,Wooden,REDMI,Valid
IMG_20240306_143454.jpg,5,7SegmentDisplay_1 ArduinoMega_1 Breadboard_1 BuckConverter_1 TCRT5000_1,Wooden,REDMI,Train
IMG_20240306_143519.jpg,3,ArduinoMega_1 Breadboard_1 TCRT5000_1,Wooden,REDMI,Train
IMG_20240306_143529.jpg,4,7SegmentDisplay_1 ArduinoMega_1 Breadboard_1 TCRT5000_1,Wooden,REDMI,Train
IMG_20240306_143627.jpg,4,ArduinoMega_1 Breadboard_1 BuckConverter_1 TCRT5000_1,Wooden,REDMI,Train
IMG_20240306_143629.jpg,5,7SegmentDisplay_1 ArduinoMega_1 Breadboard_1 BuckConverter_1 TCRT5000_1,Wooden,REDMI,Train
IMG_20240306_143657.jpg,5,7SegmentDisplay_1 ArduinoMega_1 Breadboard_1 BuckConverter_1 TCRT5000_1,Tile,REDMI,Train
IMG_20240306_143704.jpg,5,7SegmentDisplay_1 ArduinoMega_1 Breadboard_1 BuckConverter_1 TCRT5000_1,Tile,REDMI,Train
IMG_20240306_143713.jpg,5,7SegmentDisplay_1 ArduinoMega_1 Breadboard_1 BuckConverter_1 TCRT5000_1,Tile,REDMI,Train
IMG_20240306_143737.jpg,5,7SegmentDisplay_1 ArduinoMega_1 Breadboard_1 BuckConverter_1 TCRT5000_1,Tile,REDMI,Valid
IMG_20240306_143742.jpg,5,7SegmentDisplay_1 ArduinoMega_1 Breadboard_1 BuckConverter_1 TCRT5000_1,Tile,REDMI,Test
IMG_20240306_143811.jpg,5,7SegmentDisplay_1 ArduinoMega_1 Breadboard_1 BuckConverter_1 TCRT5000_1,Tile,REDMI,Train
IMG_20240306_143830.jpg,2,BuckConverter_1 TCRT5000_1,Tile,REDMI,Valid
IMG_20240306_143839.jpg,5,7SegmentDisplay_1 ArduinoMega_1 Breadboard_1 BuckConverter_1 TCRT5000_1,Tile,REDMI,Train
IMG_20240306_143849.jpg,2,7SegmentDisplay_1 ArduinoMega_1,Tile,REDMI,Train
IMG_20240306_143943.jpg,5,7SegmentDisplay_1 ArduinoMega_1 Breadboard_1 BuckConverter_1 TCRT5000_1,Black,REDMI,Test
IMG_20240306_143955.jpg,5,7SegmentDisplay_1 ArduinoMega_1 Breadboard_1 BuckConverter_1 TCRT5000_1,Black,REDMI,Train
IMG_20240306_144027.jpg,2,Breadboard_1 TCRT5000_1,Black,REDMI,Train
IMG_20240306_144038.jpg,2,7SegmentDisplay_1 TCRT5000_1,Black,REDMI,Train
IMG_20240306_144056.jpg,3,7SegmentDisplay_1 Breadboard_1 TCRT5000_1,Black,REDMI,Valid
IMG_20240306_144136.jpg,5,7SegmentDisplay_1 ArduinoMega_1 Breadboard_1 BuckConverter_1 TCRT5000_1,Wooden,REDMI,Train
IMG_20240306_144146.jpg,5,7SegmentDisplay_1 ArduinoMega_1 Breadboard_1 BuckConverter_1 TCRT5000_1,Wooden,REDMI,Test
IMG_20240306_144154.jpg,5,7SegmentDisplay_1 ArduinoMega_1 Breadboard_1 BuckConverter_1 TCRT5000_1,Wooden,REDMI,Valid
IMG_20240306_144157.jpg,5,7SegmentDisplay_1 ArduinoMega_1 Breadboard_1 BuckConverter_1 TCRT5000_1,Wooden,REDMI,Train
IMG_20240306_144207.jpg,5,7SegmentDisplay_1 ArduinoMega_1 Breadboard_1 BuckConverter_1 TCRT5000_1,Wooden,REDMI,Train
IMG_20240306_144210.jpg,5,7SegmentDisplay_1 ArduinoMega_1 Breadboard_1 BuckConverter_1 TCRT5000_1,Wooden,REDMI,Train
IMG_20240306_144218.jpg,5,7SegmentDisplay_1 ArduinoMega_1 Breadboard_1 BuckConverter_1 TCRT5000_1,Wooden,REDMI,Train
IMG20240306120710_01.jpg,3,7SegmentDisplay_1 BuckConverter_1 TCRT5000_1,Wooden,X,Train
IMG20240306120717.jpg,3,7SegmentDisplay_1 BuckConverter_1 TCRT5000_1,Wooden,X,Train
IMG20240306120725.jpg,3,7SegmentDisplay_1 BuckConverter_1 TCRT5000_1,Wooden,X,Valid
IMG20240306120810.jpg,3,7SegmentDisplay_1 BuckConverter_1 TCRT5000_1,Tile,X,Train
IMG20240306120817.jpg,3,7SegmentDisplay_1 BuckConverter_1 TCRT5000_1,Tile,X,Train
IMG20240306120839.jpg,3,7SegmentDisplay_1 BuckConverter_1 TCRT5000_1,Tile,X,Test
IMG20240306120859.jpg,3,7SegmentDisplay_1 BuckConverter_1 TCRT5000_1,Tile,X,Valid
IMG20240306120953.jpg,3,7SegmentDisplay_1 BuckConverter_1 TCRT5000_1,Black,X,Train
IMG20240306121005.jpg,3,7SegmentDisplay_1 BuckConverter_1 TCRT5000_1,Black,X,Valid
IMG20240306143339.jpg,5,7SegmentDisplay_1 ArduinoMega_1 Breadboard_1 BuckConverter_1 TCRT5000_1,Wooden,X,Train
IMG20240306143343.jpg,5,7SegmentDisplay_1 ArduinoMega_1 Breadboard_1 BuckConverter_1 TCRT5000_1,Wooden,X,Train
IMG20240306143409.jpg,5,7SegmentDisplay_1 ArduinoMega_1 Breadboard_1 BuckConverter_1 TCRT5000_1,Wooden,X,Train
IMG20240306143505.jpg,5,7SegmentDisplay_1 ArduinoMega_1 Breadboard_1 BuckConverter_1 TCRT5000_1,Wooden,X,Train
IMG20240306143520.jpg,5,7SegmentDisplay_1 ArduinoMega_1 Breadboard_1 BuckConverter_1 TCRT5000_1,Wooden,X,Train
IMG20240306143620.jpg,5,7SegmentDisplay_1 ArduinoMega_1 Breadboard_1 BuckConverter_1 TCRT5000_1,Wooden,X,Test
IMG20240306143651.jpg,5,7SegmentDisplay_1 ArduinoMega_1 Breadboard_1 BuckConverter_1 TCRT5000_1,Tile,X,Train
IMG20240306143705.jpg,5,7SegmentDisplay_1 ArduinoMega_1 Breadboard_1 BuckConverter_1 TCRT5000_1,Tile,X,Train
IMG20240306143708.jpg,5,7SegmentDisplay_1 ArduinoMega_1 Breadboard_1 BuckConverter_1 TCRT5000_1,Tile,X,Train
IMG20240306143713.jpg,5,7SegmentDisplay_1 ArduinoMega_1 Breadboard_1 BuckConverter_1 TCRT5000_1,Tile,X,Test
IMG20240306143736.jpg,5,7SegmentDisplay_1 ArduinoMega_1 Breadboard_1 BuckConverter_1 TCRT5000_1,Tile,X,Train
IMG20240306143741.jpg,5,7SegmentDisplay_1 ArduinoMega_1 Breadboard_1 BuckConverter_1 TCRT5000_1,Tile,X,Train
IMG20240306143749.jpg,5,7SegmentDisplay_1 ArduinoMega_1 Breadboard_1 BuckConverter_1 TCRT5000_1,Tile,X,Valid
IMG20240306143800.jpg,5,7SegmentDisplay_1 ArduinoMega_1 Breadboard_1 BuckConverter_1 TCRT5000_1,Tile,X,Train
IMG20240306143809.jpg,5,7SegmentDisplay_1 ArduinoMega_1 Breadboard_1 BuckConverter_1 TCRT5000_1,Tile,X,Valid
IMG20240306143832.jpg,5,7SegmentDisplay_1 ArduinoMega_1 Breadboard_1 BuckConverter_1 TCRT5000_1,Tile,X,Train
IMG20240306143838.jpg,5,7SegmentDisplay_1 ArduinoMega_1 Breadboard_1 BuckConverter_1 TCRT5000_1,Tile,X,Valid
IMG20240306143852.jpg,5,7SegmentDisplay_1 ArduinoMega_1 Breadboard_1 BuckConverter_1 TCRT5000_1,Tile,X,Train
IMG20240306144012.jpg,5,7SegmentDisplay_1 ArduinoMega_1 Breadboard_1 BuckConverter_1 TCRT5000_1,Black,X,Train
IMG20240306144021.jpg,5,7SegmentDisplay_1 ArduinoMega_1 Breadboard_1 BuckConverter_1 TCRT5000_1,Black,X,Valid
IMG20240306144056.jpg,5,7SegmentDisplay_1 ArduinoMega_1 Breadboard_1 BuckConverter_1 TCRT5000_1,Black,X,Train
IMG20240306144101.jpg,5,7SegmentDisplay_1 ArduinoMega_1 Breadboard_1 BuckConverter_1 TCRT5000_1,Black,X,Valid
IMG20240306144236.jpg,5,7SegmentDisplay_1 ArduinoMega_1 Breadboard_1 BuckConverter_1 TCRT5000_1,Wooden,X,Train
IMG20240306144240.jpg,5,7SegmentDisplay_1 ArduinoMega_1 Breadboard_1 BuckConverter_1 TCRT5000_1,Wooden,X,Train
IMG20240306144246.jpg,5,7SegmentDisplay_1 ArduinoMega_1 Breadboard_1 BuckConverter_1 TCRT5000_1,Wooden,X,Train
IMG20240306144250.jpg,4,7SegmentDisplay_1 ArduinoMega_1 BuckConverter_1 TCRT5000_2,Wooden,X,Test
IMG20240306144325.jpg,5,7SegmentDisplay_1 ArduinoMega_1 Breadboard_1 BuckConverter_1 TCRT5000_1,Wooden,X,Train
IMG20240306144328.jpg,5,7SegmentDisplay_1 ArduinoMega_1 Breadboard_1 BuckConverter_1 TCRT5000_1,Wooden,X,Train
IMG20240306144330.jpg,5,7SegmentDisplay_1 ArduinoMega_1 Breadboard_1 BuckConverter_1 TCRT5000_1,Wooden,X,Train
IMG20240306144334.jpg,5,7SegmentDisplay_1 ArduinoMega_1 Breadboard_1 BuckConverter_1 TCRT5000_1,Wooden,X,Train
IMG20240306144339.jpg,5,7SegmentDisplay_1 ArduinoMega_1 Breadboard_1 BuckConverter_1 TCRT5000_1,Wooden,X,Train
IMG20240306144352.jpg,5,7SegmentDisplay_1 ArduinoMega_1 Breadboard_1 BuckConverter_1 TCRT5000_1,Wooden,X,Valid
IMG20240306144358.jpg,5,7SegmentDisplay_1 ArduinoMega_1 Breadboard_1 BuckConverter_1 TCRT5000_1,Wooden,X,Train
IMG20240306144402.jpg,5,7SegmentDisplay_1 ArduinoMega_1 Breadboard_1 BuckConverter_1 TCRT5000_1,Wooden,X,Train
IMG20240306120637.jpg,3,7SegmentDisplay_1 BuckConverter_1 TCRT5000_1,Wooden,X,Train
IMG20240306120649.jpg,3,7SegmentDisplay_1 BuckConverter_1 TCRT5000_1,Wooden,X,Train
IMG20240306120710.jpg,3,7SegmentDisplay_1 BuckConverter_1 TCRT5000_1,Wooden,X,Train
IMG20240306120752.jpg,3,7SegmentDisplay_1 BuckConverter_1 TCRT5000_1,Tile,X,Valid
IMG20240306120846.jpg,3,7SegmentDisplay_1 BuckConverter_1 TCRT5000_1,Tile,X,Train
IMG20240306120910.jpg,1,TCRT5000_1,Tile,X,Valid
IMG20240306120929.jpg,3,7SegmentDisplay_1 BuckConverter_1 TCRT5000_1,Tile,X,Train
IMG20240306120959.jpg,3,7SegmentDisplay_1 BuckConverter_1 TCRT5000_1,Black,X,Train
IMG20240306121019.jpg,3,7SegmentDisplay_1 BuckConverter_1 TCRT5000_1,Black,X,Train
IMG20240306121022.jpg,3,7SegmentDisplay_1 BuckConverter_1 TCRT5000_1,Black,X,Valid
IMG20240306121026.jpg,3,7SegmentDisplay_1 BuckConverter_1 TCRT5000_1,Black,X,Test
IMG20240306143404.jpg,5,7SegmentDisplay_1 ArduinoMega_1 Breadboard_1 BuckConverter_1 TCRT5000_1,Wooden,X,Valid
IMG20240306143413.jpg,5,7SegmentDisplay_1 ArduinoMega_1 Breadboard_1 BuckConverter_1 TCRT5000_1,Wooden,X,Train
IMG20240306143454.jpg,5,7SegmentDisplay_1 ArduinoMega_1 Breadboard_1 BuckConverter_1 TCRT5000_1,Wooden,X,Train
IMG20240306143458.jpg,5,7SegmentDisplay_1 ArduinoMega_1 Breadboard_1 BuckConverter_1 TCRT5000_1,Wooden,X,Train
IMG20240306143528.jpg,5,7SegmentDisplay_1 ArduinoMega_1 Breadboard_1 BuckConverter_1 TCRT5000_1,Wooden,X,Train
IMG20240306143544.jpg,5,7SegmentDisplay_1 ArduinoMega_1 Breadboard_1 BuckConverter_1 TCRT5000_1,Wooden,X,Train
IMG20240306143547.jpg,5,7SegmentDisplay_1 ArduinoMega_1 Breadboard_1 BuckConverter_1 TCRT5000_1,Wooden,X,Train
IMG20240306143551.jpg,5,7SegmentDisplay_1 ArduinoMega_1 Breadboard_1 BuckConverter_1 TCRT5000_1,Wooden,X,Test
IMG20240306143645.jpg,5,7SegmentDisplay_1 ArduinoMega_1 Breadboard_1 BuckConverter_1 TCRT5000_1,Tile,X,Train
IMG20240306143703.jpg,5,7SegmentDisplay_1 ArduinoMega_1 Breadboard_1 BuckConverter_1 TCRT5000_1,Tile,X,Train
IMG20240306143732.jpg,5,7SegmentDisplay_1 ArduinoMega_1 Breadboard_1 BuckConverter_1 TCRT5000_1,Tile,X,Train
IMG20240306143745.jpg,5,7SegmentDisplay_1 ArduinoMega_1 Breadboard_1 BuckConverter_1 TCRT5000_1,Tile,X,Train
IMG20240306143804.jpg,5,7SegmentDisplay_1 ArduinoMega_1 Breadboard_1 BuckConverter_1 TCRT5000_1,Tile,X,Valid
IMG20240306143817.jpg,5,7SegmentDisplay_1 ArduinoMega_1 Breadboard_1 BuckConverter_1 TCRT5000_1,Tile,X,Valid
IMG20240306143829.jpg,5,7SegmentDisplay_1 ArduinoMega_1 Breadboard_1 BuckConverter_1 TCRT5000_1,Tile,X,Train
IMG20240306143938.jpg,5,7SegmentDisplay_1 ArduinoMega_1 Breadboard_1 BuckConverter_1 TCRT5000_1,Black,X,Train
IMG20240306143941.jpg,5,7SegmentDisplay_1 ArduinoMega_1 Breadboard_1 BuckConverter_1 TCRT5000_1,Black,X,Train
IMG20240306143943.jpg,5,7SegmentDisplay_1 ArduinoMega_1 Breadboard_1 BuckConverter_1 TCRT5000_1,Black,X,Train
IMG20240306143950.jpg,5,7SegmentDisplay_1 ArduinoMega_1 Breadboard_1 BuckConverter_1 TCRT5000_1,Black,X,Test
IMG20240306143952.jpg,5,7SegmentDisplay_1 ArduinoMega_1 Breadboard_1 BuckConverter_1 TCRT5000_1,Black,X,Train
IMG20240306143957.jpg,5,7SegmentDisplay_1 ArduinoMega_1 Breadboard_1 BuckConverter_1 TCRT5000_1,Black,X,Valid
IMG20240306144030.jpg,5,7SegmentDisplay_1 ArduinoMega_1 Breadboard_1 BuckConverter_1 TCRT5000_1,Black,X,Train
IMG20240306144041.jpg,3,ArduinoMega_1 Breadboard_1 BuckConverter_1,Black,X,Train
IMG20240306144233.jpg,5,7SegmentDisplay_1 ArduinoMega_1 Breadboard_1 BuckConverter_1 TCRT5000_1,Wooden,X,Train
IMG20240306144306.jpg,5,7SegmentDisplay_1 ArduinoMega_1 Breadboard_1 BuckConverter_1 TCRT5000_1,Wooden,X,Valid
IMG20240306144311.jpg,5,7SegmentDisplay_1 ArduinoMega_1 Breadboard_1 BuckConverter_1 TCRT5000_1,Wooden,X,Test
IMG20240306144337.jpg,5,7SegmentDisplay_1 ArduinoMega_1 Breadboard_1 BuckConverter_1 TCRT5000_1,Wooden,X,Train
IMG20240306144350.jpg,5,7SegmentDisplay_1 ArduinoMega_1 Breadboard_1 BuckConverter_1 TCRT5000_1,Wooden,X,Train
IMG20240306144355.jpg,5,7SegmentDisplay_1 ArduinoMega_1 Breadboard_1 BuckConverter_1 TCRT5000_1,Wooden,X,Train
IMG20240306144400.jpg,5,7SegmentDisplay_1 ArduinoMega_1 Breadboard_1 BuckConverter_1 TCRT5000_1,Wooden,X,Train
IMG_20240309_112502.jpg,9,BridgeRectifier_1 GSMModule_1 HumiditySensor_1 ICBase14Pin_1 ICBase28Pin_1 MotionSensor_1 RelayModule_1 TrimmerPotentiometer_1 WaterSensor_1,Wooden,REDMI,Valid
IMG_20240309_112525.jpg,5,GSMModule_1 HumiditySensor_1 RelayModule_1 TrimmerPotentiometer_1 WaterSensor_1,Wooden,REDMI,Train
IMG_20240309_112530.jpg,2,HumiditySensor_1 TrimmerPotentiometer_1,Wooden,REDMI,Train
IMG_20240309_112534.jpg,3,BridgeRectifier_1 ICBase28Pin_1 WaterSensor_1,Wooden,REDMI,Train
IMG_20240309_112554.jpg,9,BridgeRectifier_1 GSMModule_1 HumiditySensor_1 ICBase14Pin_1 ICBase28Pin_1 MotionSensor_1 RelayModule_1 TrimmerPotentiometer_1 WaterSensor_1,Wooden,REDMI,Valid
IMG_20240309_112607.jpg,9,BridgeRectifier_1 GSMModule_1 HumiditySensor_1 ICBase14Pin_1 ICBase28Pin_1 MotionSensor_1 RelayModule_1 TrimmerPotentiometer_1 WaterSensor_1,Wooden,REDMI,Valid
IMG_20240309_112621.jpg,7,BridgeRectifier_1 GSMModule_1 ICBase14Pin_1 ICBase28Pin_1 MotionSensor_1 TrimmerPotentiometer_1 WaterSensor_1,Wooden,REDMI,Train
IMG_20240309_112657.jpg,9,BridgeRectifier_1 GSMModule_1 HumiditySensor_1 ICBase14Pin_1 ICBase28Pin_1 MotionSensor_1 RelayModule_1 TrimmerPotentiometer_1 WaterSensor_1,Wooden,REDMI,Test
IMG_20240309_112719.jpg,9,BridgeRectifier_1 GSMModule_1 HumiditySensor_1 ICBase14Pin_1 ICBase28Pin_1 MotionSensor_1 RelayModule_1 TrimmerPotentiometer_1 WaterSensor_1,Wooden,REDMI,Train
IMG_20240309_112740.jpg,9,BridgeRectifier_1 GSMModule_1 HumiditySensor_1 ICBase14Pin_1 ICBase28Pin_1 MotionSensor_1 RelayModule_1 TrimmerPotentiometer_1 WaterSensor_1,Wooden,REDMI,Train
IMG_20240309_112741.jpg,9,BridgeRectifier_1 GSMModule_1 HumiditySensor_1 ICBase14Pin_1 ICBase28Pin_1 MotionSensor_1 RelayModule_1 TrimmerPotentiometer_1 WaterSensor_1,Wooden,REDMI,Train
IMG_20240309_112804.jpg,9,BridgeRectifier_1 GSMModule_1 HumiditySensor_1 ICBase14Pin_1 ICBase28Pin_1 MotionSensor_1 RelayModule_1 TrimmerPotentiometer_1 WaterSensor_1,Wooden,REDMI,Train
IMG_20240309_112836.jpg,9,BridgeRectifier_1 GSMModule_1 HumiditySensor_1 ICBase14Pin_1 ICBase28Pin_1 MotionSensor_1 RelayModule_1 TrimmerPotentiometer_1 WaterSensor_1,Wooden,REDMI,Train
IMG_20240309_112929.jpg,9,BridgeRectifier_1 GSMModule_1 HumiditySensor_1 ICBase14Pin_1 ICBase28Pin_1 MotionSensor_1 RelayModule_1 TrimmerPotentiometer_1 WaterSensor_1,Wooden,REDMI,Train
IMG_20240309_112934.jpg,9,BridgeRectifier_1 GSMModule_1 HumiditySensor_1 ICBase14Pin_1 ICBase28Pin_1 MotionSensor_1 RelayModule_1 TrimmerPotentiometer_1 WaterSensor_1,Wooden,REDMI,Test
IMG_20240309_113009.jpg,9,BridgeRectifier_1 GSMModule_1 HumiditySensor_1 ICBase14Pin_1 ICBase28Pin_1 MotionSensor_1 RelayModule_1 TrimmerPotentiometer_1 WaterSensor_1,Wooden,REDMI,Train
IMG_20240309_113050.jpg,9,BridgeRectifier_1 GSMModule_1 HumiditySensor_1 ICBase14Pin_1 ICBase28Pin_1 MotionSensor_1 RelayModule_1 TrimmerPotentiometer_1 WaterSensor_1,Wooden,REDMI,Train
IMG_20240309_113054.jpg,8,BridgeRectifier_1 GSMModule_1 HumiditySensor_1 ICBase14Pin_1 ICBase28Pin_1 RelayModule_1 TrimmerPotentiometer_1 WaterSensor_1,Wooden,REDMI,Test
IMG_20240309_113107.jpg,8,BridgeRectifier_1 GSMModule_1 HumiditySensor_1 ICBase28Pin_1 MotionSensor_1 RelayModule_1 TrimmerPotentiometer_1 WaterSensor_1,Wooden,REDMI,Train
IMG_20240309_113113.jpg,9,BridgeRectifier_1 GSMModule_1 HumiditySensor_1 ICBase14Pin_1 ICBase28Pin_1 MotionSensor_1 RelayModule_1 TrimmerPotentiometer_1 WaterSensor_1,Wooden,REDMI,Train
IMG_20240309_113129.jpg,5,BridgeRectifier_1 ICBase14Pin_1 ICBase28Pin_1 MotionSensor_1 TrimmerPotentiometer_1,Wooden,REDMI,Train
IMG_20240309_113400.jpg,4,BridgeRectifier_1 ICBase28Pin_1 MotionSensor_1 TrimmerPotentiometer_1,Wooden,REDMI,Train
IMG_20240309_113424.jpg,4,BridgeRectifier_1 ICBase28Pin_1 MotionSensor_1 TrimmerPotentiometer_1,Wooden,REDMI,Train
IMG_20240309_113430.jpg,4,BridgeRectifier_1 ICBase28Pin_1 MotionSensor_1 TrimmerPotentiometer_1,Wooden,REDMI,Train
IMG_20240309_113527.jpg,4,BridgeRectifier_1 ICBase28Pin_1 MotionSensor_1 TrimmerPotentiometer_1,Wooden,REDMI,Valid
IMG_20240309_113555.jpg,5,BridgeRectifier_1 HumiditySensor_1 ICBase28Pin_1 RelayModule_1 WaterSensor_1,Wooden,REDMI,Train
IMG_20240309_113617.jpg,5,BridgeRectifier_1 HumiditySensor_1 ICBase28Pin_1 RelayModule_1 WaterSensor_1,Wooden,REDMI,Train
IMG_20240309_113702.jpg,1,HumiditySensor_1,Wooden,REDMI,Train
IMG_20240309_113711.jpg,1,HumiditySensor_1,Wooden,REDMI,Test
IMG_20240309_113727.jpg,1,ICBase28Pin_1,Wooden,REDMI,Train
IMG_20240309_113816.jpg,2,RelayModule_1 WaterSensor_1,Wooden,REDMI,Train
IMG_20240309_113823.jpg,3,ICBase28Pin_1 RelayModule_1 WaterSensor_1,Wooden,REDMI,Valid
IMG_20240309_113834.jpg,3,BridgeRectifier_1 RelayModule_1 WaterSensor_1,Wooden,REDMI,Test
IMG_20240309_113852.jpg,1,BridgeRectifier_1,Wooden,REDMI,Train
IMG_20240309_113936.jpg,1,GSMModule_1,Wooden,REDMI,Train
IMG_20240309_113942.jpg,1,GSMModule_1,Wooden,REDMI,Train
IMG_20240309_114006.jpg,1,GSMModule_1,Wooden,REDMI,Test
IMG_20240309_114056.jpg,1,MotionSensor_1,Wooden,REDMI,Valid
IMG_20240309_114132.jpg,1,ICBase14Pin_1,Wooden,REDMI,Valid
IMG_20240309_114140.jpg,1,ICBase14Pin_1,Wooden,REDMI,Test
IMG_20240309_114142.jpg,1,ICBase14Pin_1,Wooden,REDMI,Train
IMG_20240309_114148.jpg,2,ICBase14Pin_1 ICBase28Pin_1,Wooden,REDMI,Train
IMG_20240309_114200.jpg,2,ICBase14Pin_1 ICBase28Pin_1,Wooden,REDMI,Train
IMG_20240309_114244.jpg,1,TrimmerPotentiometer_1,Wooden,REDMI,Train
IMG_20240309_114248.jpg,1,TrimmerPotentiometer_1,Wooden,REDMI,Valid
IMG_20240309_114350.jpg,9,BridgeRectifier_1 GSMModule_1 HumiditySensor_1 ICBase14Pin_1 ICBase28Pin_1 MotionSensor_1 RelayModule_1 TrimmerPotentiometer_1 WaterSensor_1,Tile,REDMI,Train
IMG_20240309_114357.jpg,9,BridgeRectifier_1 GSMModule_1 HumiditySensor_1 ICBase14Pin_1 ICBase28Pin_1 MotionSensor_1 RelayModule_1 TrimmerPotentiometer_1 WaterSensor_1,Tile,REDMI,Train
IMG_20240309_114401.jpg,9,BridgeRectifier_1 GSMModule_1 HumiditySensor_1 ICBase14Pin_1 ICBase28Pin_1 MotionSensor_1 RelayModule_1 TrimmerPotentiometer_1 WaterSensor_1,Tile,REDMI,Train
IMG_20240309_114443.jpg,9,BridgeRectifier_1 GSMModule_1 HumiditySensor_1 ICBase14Pin_1 ICBase28Pin_1 MotionSensor_1 RelayModule_1 TrimmerPotentiometer_1 WaterSensor_1,Tile,REDMI,Valid
IMG_20240309_114503.jpg,9,BridgeRectifier_1 GSMModule_1 HumiditySensor_1 ICBase14Pin_1 ICBase28Pin_1 MotionSensor_1 RelayModule_1 TrimmerPotentiometer_1 WaterSensor_1,Tile,REDMI,Train
IMG_20240309_114513.jpg,9,BridgeRectifier_1 GSMModule_1 HumiditySensor_1 ICBase14Pin_1 ICBase28Pin_1 MotionSensor_1 RelayModule_1 TrimmerPotentiometer_1 WaterSensor_1,Tile,REDMI,Train
IMG_20240309_114538.jpg,9,BridgeRectifier_1 GSMModule_1 HumiditySensor_1 ICBase14Pin_1 ICBase28Pin_1 MotionSensor_1 RelayModule_1 TrimmerPotentiometer_1 WaterSensor_1,Tile,REDMI,Train
IMG_20240309_114550.jpg,9,BridgeRectifier_1 GSMModule_1 HumiditySensor_1 ICBase14Pin_1 ICBase28Pin_1 MotionSensor_1 RelayModule_1 TrimmerPotentiometer_1 WaterSensor_1,Tile,REDMI,Valid
IMG_20240309_114613.jpg,9,BridgeRectifier_1 GSMModule_1 HumiditySensor_1 ICBase14Pin_1 ICBase28Pin_1 MotionSensor_1 RelayModule_1 TrimmerPotentiometer_1 WaterSensor_1,Tile,REDMI,Train
IMG_20240309_114638.jpg,9,BridgeRectifier_1 GSMModule_1 HumiditySensor_1 ICBase14Pin_1 ICBase28Pin_1 MotionSensor_1 RelayModule_1 TrimmerPotentiometer_1 WaterSensor_1,Tile,REDMI,Train
IMG_20240309_114643.jpg,9,BridgeRectifier_1 GSMModule_1 HumiditySensor_1 ICBase14Pin_1 ICBase28Pin_1 MotionSensor_1 RelayModule_1 TrimmerPotentiometer_1 WaterSensor_1,Tile,REDMI,Valid
IMG_20240309_114655.jpg,9,BridgeRectifier_1 GSMModule_1 HumiditySensor_1 ICBase14Pin_1 ICBase28Pin_1 MotionSensor_1 RelayModule_1 TrimmerPotentiometer_1 WaterSensor_1,Tile,REDMI,Train
IMG_20240309_114746.jpg,9,BridgeRectifier_1 GSMModule_1 HumiditySensor_1 ICBase14Pin_1 ICBase28Pin_1 MotionSensor_1 RelayModule_1 TrimmerPotentiometer_1 WaterSensor_1,Tile,REDMI,Train
IMG_20240309_114751.jpg,9,BridgeRectifier_1 GSMModule_1 HumiditySensor_1 ICBase14Pin_1 ICBase28Pin_1 MotionSensor_1 RelayModule_1 TrimmerPotentiometer_1 WaterSensor_1,Tile,REDMI,Train
IMG_20240309_114800.jpg,9,BridgeRectifier_1 GSMModule_1 HumiditySensor_1 ICBase14Pin_1 ICBase28Pin_1 MotionSensor_1 RelayModule_1 TrimmerPotentiometer_1 WaterSensor_1,Tile,REDMI,Train
IMG_20240309_114832.jpg,9,BridgeRectifier_1 GSMModule_1 HumiditySensor_1 ICBase14Pin_1 ICBase28Pin_1 MotionSensor_1 RelayModule_1 TrimmerPotentiometer_1 WaterSensor_1,Tile,REDMI,Train
IMG_20240309_114840.jpg,9,BridgeRectifier_1 GSMModule_1 HumiditySensor_1 ICBase14Pin_1 ICBase28Pin_1 MotionSensor_1 RelayModule_1 TrimmerPotentiometer_1 WaterSensor_1,Tile,REDMI,Test
IMG_20240309_114930.jpg,4,BridgeRectifier_1 HumiditySensor_1 ICBase14Pin_1 WaterSensor_1,Tile,REDMI,Train
IMG_20240309_114934.jpg,4,BridgeRectifier_1 HumiditySensor_1 ICBase14Pin_1 WaterSensor_1,Tile,REDMI,Train
IMG_20240309_114937.jpg,4,BridgeRectifier_1 HumiditySensor_1 ICBase14Pin_1 WaterSensor_1,Tile,REDMI,Train
IMG_20240309_114954.jpg,4,BridgeRectifier_1 HumiditySensor_1 ICBase14Pin_1 WaterSensor_1,Tile,REDMI,Train
IMG_20240309_115021.jpg,4,BridgeRectifier_1 HumiditySensor_1 ICBase14Pin_1 WaterSensor_1,Tile,REDMI,Train
IMG_20240309_115029.jpg,4,BridgeRectifier_1 HumiditySensor_1 ICBase14Pin_1 WaterSensor_1,Tile,REDMI,Train
IMG_20240309_115105.jpg,4,BridgeRectifier_1 HumiditySensor_1 ICBase14Pin_1 WaterSensor_1,Tile,REDMI,Train
IMG_20240309_115140.jpg,5,GSMModule_1 ICBase14Pin_1 ICBase28Pin_1 TrimmerPotentiometer_1 WaterSensor_1,Tile,REDMI,Train
IMG_20240309_115144.jpg,5,GSMModule_1 ICBase14Pin_1 ICBase28Pin_1 TrimmerPotentiometer_1 WaterSensor_1,Tile,REDMI,Test
IMG_20240309_115208.jpg,5,GSMModule_1 ICBase14Pin_1 ICBase28Pin_1 TrimmerPotentiometer_1 WaterSensor_1,Tile,REDMI,Train
IMG_20240309_115221.jpg,3,ICBase14Pin_1 ICBase28Pin_1 TrimmerPotentiometer_1,Tile,REDMI,Valid
IMG_20240309_115236.jpg,5,GSMModule_1 ICBase14Pin_1 ICBase28Pin_1 TrimmerPotentiometer_1 WaterSensor_1,Tile,REDMI,Train
IMG_20240309_115239.jpg,5,GSMModule_1 ICBase14Pin_1 ICBase28Pin_1 TrimmerPotentiometer_1 WaterSensor_1,Tile,REDMI,Train
IMG_20240309_115346.jpg,9,BridgeRectifier_1 GSMModule_1 HumiditySensor_1 ICBase14Pin_1 ICBase28Pin_1 MotionSensor_1 RelayModule_1 TrimmerPotentiometer_1 WaterSensor_1,Black,REDMI,Train
IMG_20240309_115349.jpg,9,BridgeRectifier_1 GSMModule_1 HumiditySensor_1 ICBase14Pin_1 ICBase28Pin_1 MotionSensor_1 RelayModule_1 TrimmerPotentiometer_1 WaterSensor_1,Black,REDMI,Valid
IMG_20240309_115425.jpg,9,BridgeRectifier_1 GSMModule_1 HumiditySensor_1 ICBase14Pin_1 ICBase28Pin_1 MotionSensor_1 RelayModule_1 TrimmerPotentiometer_1 WaterSensor_1,Black,REDMI,Train
IMG_20240309_115510.jpg,9,BridgeRectifier_1 GSMModule_1 HumiditySensor_1 ICBase14Pin_1 ICBase28Pin_1 MotionSensor_1 RelayModule_1 TrimmerPotentiometer_1 WaterSensor_1,Black,REDMI,Train
IMG_20240309_115518.jpg,9,BridgeRectifier_1 GSMModule_1 HumiditySensor_1 ICBase14Pin_1 ICBase28Pin_1 MotionSensor_1 RelayModule_1 TrimmerPotentiometer_1 WaterSensor_1,Black,REDMI,Valid
IMG_20240309_115522.jpg,9,BridgeRectifier_1 GSMModule_1 HumiditySensor_1 ICBase14Pin_1 ICBase28Pin_1 MotionSensor_1 RelayModule_1 TrimmerPotentiometer_1 WaterSensor_1,Black,REDMI,Train
IMG_20240309_115527.jpg,9,BridgeRectifier_1 GSMModule_1 HumiditySensor_1 ICBase14Pin_1 ICBase28Pin_1 MotionSensor_1 RelayModule_1 TrimmerPotentiometer_1 WaterSensor_1,Black,REDMI,Train
IMG_20240309_115610.jpg,9,BridgeRectifier_1 GSMModule_1 HumiditySensor_1 ICBase14Pin_1 ICBase28Pin_1 MotionSensor_1 RelayModule_1 TrimmerPotentiometer_1 WaterSensor_1,Black,REDMI,Train
IMG_20240309_115620.jpg,9,BridgeRectifier_1 GSMModule_1 HumiditySensor_1 ICBase14Pin_1 ICBase28Pin_1 MotionSensor_1 RelayModule_1 TrimmerPotentiometer_1 WaterSensor_1,Black,REDMI,Valid
IMG_20240309_115633.jpg,8,BridgeRectifier_1 GSMModule_1 HumiditySensor_1 ICBase14Pin_1 ICBase28Pin_1 MotionSensor_1 RelayModule_1 WaterSensor_1,Black,REDMI,Train
IMG_20240309_115718.jpg,4,BridgeRectifier_1 GSMModule_1 ICBase14Pin_1 RelayModule_1,Black,REDMI,Valid
IMG_20240309_115734.jpg,4,BridgeRectifier_1 GSMModule_1 ICBase14Pin_1 RelayModule_1,Black,REDMI,Train
IMG_20240309_115813.jpg,4,BridgeRectifier_1 GSMModule_1 ICBase14Pin_1 RelayModule_1,Black,REDMI,Train
IMG_20240309_115840.jpg,4,BridgeRectifier_1 GSMModule_1 ICBase14Pin_1 RelayModule_1,Black,REDMI,Test
IMG_20240309_115844.jpg,4,BridgeRectifier_1 GSMModule_1 ICBase14Pin_1 RelayModule_1,Black,REDMI,Train
IMG_20240309_115922.jpg,4,GSMModule_1 HumiditySensor_1 MotionSensor_1 RelayModule_1,Black,REDMI,Train
IMG_20240309_115924.jpg,4,GSMModule_1 HumiditySensor_1 MotionSensor_1 RelayModule_1,Black,REDMI,Train
IMG_20240309_115939.jpg,4,GSMModule_1 HumiditySensor_1 MotionSensor_1 RelayModule_1,Black,REDMI,Train
IMG_20240309_120002.jpg,4,GSMModule_1 HumiditySensor_1 MotionSensor_1 RelayModule_1,Black,REDMI,Train
IMG_20240309_120205.jpg,9,BridgeRectifier_1 GSMModule_1 HumiditySensor_1 ICBase14Pin_1 ICBase28Pin_1 MotionSensor_1 RelayModule_1 TrimmerPotentiometer_1 WaterSensor_1,Wooden,REDMI,Train
IMG_20240309_120214.jpg,9,BridgeRectifier_1 GSMModule_1 HumiditySensor_1 ICBase14Pin_1 ICBase28Pin_1 MotionSensor_1 RelayModule_1 TrimmerPotentiometer_1 WaterSensor_1,Wooden,REDMI,Train
IMG_20240309_120223.jpg,9,BridgeRectifier_1 GSMModule_1 HumiditySensor_1 ICBase14Pin_1 ICBase28Pin_1 MotionSensor_1 RelayModule_1 TrimmerPotentiometer_1 WaterSensor_1,Wooden,REDMI,Valid
IMG_20240309_120246.jpg,9,BridgeRectifier_1 GSMModule_1 HumiditySensor_1 ICBase14Pin_1 ICBase28Pin_1 MotionSensor_1 RelayModule_1 TrimmerPotentiometer_1 WaterSensor_1,Wooden,REDMI,Valid
IMG_20240309_120258.jpg,9,BridgeRectifier_1 GSMModule_1 HumiditySensor_1 ICBase14Pin_1 ICBase28Pin_1 MotionSensor_1 RelayModule_1 TrimmerPotentiometer_1 WaterSensor_1,Wooden,REDMI,Valid
IMG_20240309_120334.jpg,4,BridgeRectifier_1 HumiditySensor_1 ICBase28Pin_1 MotionSensor_1,Wooden,REDMI,Valid
IMG_20240309_112451.jpg,9,BridgeRectifier_1 GSMModule_1 HumiditySensor_1 ICBase14Pin_1 ICBase28Pin_1 MotionSensor_1 RelayModule_1 TrimmerPotentiometer_1 WaterSensor_1,Wooden,REDMI,Train
IMG_20240309_112457.jpg,9,BridgeRectifier_1 GSMModule_1 HumiditySensor_1 ICBase14Pin_1 ICBase28Pin_1 MotionSensor_1 RelayModule_1 TrimmerPotentiometer_1 WaterSensor_1,Wooden,REDMI,Train
IMG_20240309_112509.jpg,7,BridgeRectifier_1 GSMModule_1 HumiditySensor_1 ICBase28Pin_1 MotionSensor_1 TrimmerPotentiometer_1 WaterSensor_1,Wooden,REDMI,Train
IMG_20240309_112559.jpg,9,BridgeRectifier_1 GSMModule_1 HumiditySensor_1 ICBase14Pin_1 ICBase28Pin_1 MotionSensor_1 RelayModule_1 TrimmerPotentiometer_1 WaterSensor_1,Wooden,REDMI,Train
IMG_20240309_112630.jpg,3,ICBase14Pin_1 ICBase28Pin_1 MotionSensor_1,Wooden,REDMI,Train
IMG_20240309_112651.jpg,9,BridgeRectifier_1 GSMModule_1 HumiditySensor_1 ICBase14Pin_1 ICBase28Pin_1 MotionSensor_1 RelayModule_1 TrimmerPotentiometer_1 WaterSensor_1,Wooden,REDMI,Train
IMG_20240309_112703.jpg,9,BridgeRectifier_1 GSMModule_1 HumiditySensor_1 ICBase14Pin_1 ICBase28Pin_1 MotionSensor_1 RelayModule_1 TrimmerPotentiometer_1 WaterSensor_1,Wooden,REDMI,Train
IMG_20240309_112710.jpg,9,BridgeRectifier_1 GSMModule_1 HumiditySensor_1 ICBase14Pin_1 ICBase28Pin_1 MotionSensor_1 RelayModule_1 TrimmerPotentiometer_1 WaterSensor_1,Wooden,REDMI,Train
IMG_20240309_112734.jpg,9,BridgeRectifier_1 GSMModule_1 HumiditySensor_1 ICBase14Pin_1 ICBase28Pin_1 MotionSensor_1 RelayModule_1 TrimmerPotentiometer_1 WaterSensor_1,Wooden,REDMI,Train
IMG_20240309_112756.jpg,9,BridgeRectifier_1 GSMModule_1 HumiditySensor_1 ICBase14Pin_1 ICBase28Pin_1 MotionSensor_1 RelayModule_1 TrimmerPotentiometer_1 WaterSensor_1,Wooden,REDMI,Train
IMG_20240309_112841.jpg,9,BridgeRectifier_1 GSMModule_1 HumiditySensor_1 ICBase14Pin_1 ICBase28Pin_1 MotionSensor_1 RelayModule_1 TrimmerPotentiometer_1 WaterSensor_1,Wooden,REDMI,Test
IMG_20240309_112845.jpg,9,BridgeRectifier_1 GSMModule_1 HumiditySensor_1 ICBase14Pin_1 ICBase28Pin_1 MotionSensor_1 RelayModule_1 TrimmerPotentiometer_1 WaterSensor_1,Wooden,REDMI,Train
IMG_20240309_112941.jpg,9,BridgeRectifier_1 GSMModule_1 HumiditySensor_1 ICBase14Pin_1 ICBase28Pin_1 MotionSensor_1 RelayModule_1 TrimmerPotentiometer_1 WaterSensor_1,Wooden,REDMI,Train
IMG_20240309_112951.jpg,5,GSMModule_1 HumiditySensor_1 ICBase14Pin_1 MotionSensor_1 TrimmerPotentiometer_1,Wooden,REDMI,Train
IMG_20240309_112954.jpg,5,GSMModule_1 HumiditySensor_1 ICBase14Pin_1 MotionSensor_1 TrimmerPotentiometer_1,Wooden,REDMI,Train
IMG_20240309_112959.jpg,9,BridgeRectifier_1 GSMModule_1 HumiditySensor_1 ICBase14Pin_1 ICBase28Pin_1 MotionSensor_1 RelayModule_1 TrimmerPotentiometer_1 WaterSensor_1,Wooden,REDMI,Train
IMG_20240309_113043.jpg,7,BridgeRectifier_1 GSMModule_1 HumiditySensor_1 MotionSensor_1 RelayModule_1 TrimmerPotentiometer_1 WaterSensor_1,Wooden,REDMI,Train
IMG_20240309_113224.jpg,9,BridgeRectifier_1 GSMModule_1 HumiditySensor_1 ICBase14Pin_1 ICBase28Pin_1 MotionSensor_1 RelayModule_1 TrimmerPotentiometer_1 WaterSensor_1,Wooden,REDMI,Train
IMG_20240309_113229.jpg,9,BridgeRectifier_1 GSMModule_1 HumiditySensor_1 ICBase14Pin_1 ICBase28Pin_1 MotionSensor_1 RelayModule_1 TrimmerPotentiometer_1 WaterSensor_1,Wooden,REDMI,Train
IMG_20240309_113356.jpg,4,BridgeRectifier_1 ICBase28Pin_1 MotionSensor_1 TrimmerPotentiometer_1,Wooden,REDMI,Test
IMG_20240309_113404.jpg,4,BridgeRectifier_1 ICBase28Pin_1 MotionSensor_1 TrimmerPotentiometer_1,Wooden,REDMI,Valid
IMG_20240309_113446.jpg,4,BridgeRectifier_1 ICBase28Pin_1 MotionSensor_1 TrimmerPotentiometer_1,Wooden,REDMI,Valid
IMG_20240309_113458.jpg,4,BridgeRectifier_1 ICBase28Pin_1 MotionSensor_1 TrimmerPotentiometer_1,Wooden,REDMI,Valid
IMG_20240309_113512.jpg,4,BridgeRectifier_1 ICBase28Pin_1 MotionSensor_1 TrimmerPotentiometer_1,Wooden,REDMI,Train
IMG_20240309_113523.jpg,4,BridgeRectifier_1 ICBase28Pin_1 MotionSensor_1 TrimmerPotentiometer_1,Wooden,REDMI,Train
IMG_20240309_113550.jpg,5,BridgeRectifier_1 HumiditySensor_1 ICBase28Pin_1 RelayModule_1 WaterSensor_1,Wooden,REDMI,Test
IMG_20240309_113600.jpg,5,BridgeRectifier_1 HumiditySensor_1 ICBase28Pin_1 RelayModule_1 WaterSensor_1,Wooden,REDMI,Train
IMG_20240309_113607.jpg,5,BridgeRectifier_1 HumiditySensor_1 ICBase28Pin_1 RelayModule_1 WaterSensor_1,Wooden,REDMI,Valid
IMG_20240309_113625.jpg,5,BridgeRectifier_1 HumiditySensor_1 ICBase28Pin_1 RelayModule_1 WaterSensor_1,Wooden,REDMI,Test
IMG_20240309_113632.jpg,5,BridgeRectifier_1 HumiditySensor_1 ICBase28Pin_1 RelayModule_1 WaterSensor_1,Wooden,REDMI,Valid
IMG_20240309_113638.jpg,5,BridgeRectifier_1 HumiditySensor_1 ICBase28Pin_1 RelayModule_1 WaterSensor_1,Wooden,REDMI,Train
IMG_20240309_113647.jpg,1,HumiditySensor_1,Wooden,REDMI,Train
IMG_20240309_113655.jpg,1,HumiditySensor_1,Wooden,REDMI,Train
IMG_20240309_113717.jpg,2,HumiditySensor_1 ICBase28Pin_1,Wooden,REDMI,Train
IMG_20240309_113723.jpg,1,ICBase28Pin_1,Wooden,REDMI,Test
IMG_20240309_113733.jpg,1,ICBase28Pin_1,Wooden,REDMI,Train
IMG_20240309_113740.jpg,2,ICBase28Pin_1 WaterSensor_1,Wooden,REDMI,Train
IMG_20240309_113749.jpg,2,RelayModule_1 WaterSensor_1,Wooden,REDMI,Train
IMG_20240309_113752.jpg,3,HumiditySensor_1 ICBase28Pin_1 MotionSensor_1,Wooden,REDMI,Train
IMG_20240309_113804.jpg,2,RelayModule_1 WaterSensor_1,Wooden,REDMI,Train
IMG_20240309_113841.jpg,5,BridgeRectifier_1 HumiditySensor_1 ICBase28Pin_1 RelayModule_1 WaterSensor_1,Wooden,REDMI,Train
IMG_20240309_113845.jpg,1,BridgeRectifier_1,Wooden,REDMI,Train
IMG_20240309_113914.jpg,5,BridgeRectifier_1 HumiditySensor_1 ICBase28Pin_1 RelayModule_1 WaterSensor_1,Wooden,REDMI,Train
IMG_20240309_113949.jpg,1,GSMModule_1,Wooden,REDMI,Train
IMG_20240309_113956.jpg,1,GSMModule_1,Wooden,REDMI,Train
IMG_20240309_114034.jpg,1,MotionSensor_1,Wooden,REDMI,Valid
IMG_20240309_114042.jpg,1,MotionSensor_1,Wooden,REDMI,Train
IMG_20240309_114100.jpg,1,MotionSensor_1,Wooden,REDMI,Train
IMG_20240309_114116.jpg,1,MotionSensor_1,Wooden,REDMI,Train
IMG_20240309_114154.jpg,2,ICBase14Pin_1 ICBase28Pin_1,Wooden,REDMI,Train
IMG_20240309_114203.jpg,2,ICBase14Pin_1 ICBase28Pin_1,Wooden,REDMI,Train
IMG_20240309_114215.jpg,1,TrimmerPotentiometer_1,Wooden,REDMI,Train
IMG_20240309_114221.jpg,1,TrimmerPotentiometer_1,Wooden,REDMI,Valid
IMG_20240309_114407.jpg,9,BridgeRectifier_1 GSMModule_1 HumiditySensor_1 ICBase14Pin_1 ICBase28Pin_1 MotionSensor_1 RelayModule_1 TrimmerPotentiometer_1 WaterSensor_1,Tile,REDMI,Train
IMG_20240309_114455.jpg,9,BridgeRectifier_1 GSMModule_1 HumiditySensor_1 ICBase14Pin_1 ICBase28Pin_1 MotionSensor_1 RelayModule_1 TrimmerPotentiometer_1 WaterSensor_1,Tile,REDMI,Train
IMG_20240309_114542.jpg,9,BridgeRectifier_1 GSMModule_1 HumiditySensor_1 ICBase14Pin_1 ICBase28Pin_1 MotionSensor_1 RelayModule_1 TrimmerPotentiometer_1 WaterSensor_1,Tile,REDMI,Valid
IMG_20240309_114605.jpg,9,BridgeRectifier_1 GSMModule_1 HumiditySensor_1 ICBase14Pin_1 ICBase28Pin_1 MotionSensor_1 RelayModule_1 TrimmerPotentiometer_1 WaterSensor_1,Tile,REDMI,Train
IMG_20240309_114609.jpg,9,BridgeRectifier_1 GSMModule_1 HumiditySensor_1 ICBase14Pin_1 ICBase28Pin_1 MotionSensor_1 RelayModule_1 TrimmerPotentiometer_1 WaterSensor_1,Tile,REDMI,Train
IMG_20240309_114617.jpg,9,BridgeRectifier_1 GSMModule_1 HumiditySensor_1 ICBase14Pin_1 ICBase28Pin_1 MotionSensor_1 RelayModule_1 TrimmerPotentiometer_1 WaterSensor_1,Tile,REDMI,Valid
IMG_20240309_114649.jpg,9,BridgeRectifier_1 GSMModule_1 HumiditySensor_1 ICBase14Pin_1 ICBase28Pin_1 MotionSensor_1 RelayModule_1 TrimmerPotentiometer_1 WaterSensor_1,Tile,REDMI,Train
IMG_20240309_114741.jpg,9,BridgeRectifier_1 GSMModule_1 HumiditySensor_1 ICBase14Pin_1 ICBase28Pin_1 MotionSensor_1 RelayModule_1 TrimmerPotentiometer_1 WaterSensor_1,Tile,REDMI,Test
IMG_20240309_114826.jpg,9,BridgeRectifier_1 GSMModule_1 HumiditySensor_1 ICBase14Pin_1 ICBase28Pin_1 MotionSensor_1 RelayModule_1 TrimmerPotentiometer_1 WaterSensor_1,Tile,REDMI,Train
IMG_20240309_114837.jpg,9,BridgeRectifier_1 GSMModule_1 HumiditySensor_1 ICBase14Pin_1 ICBase28Pin_1 MotionSensor_1 RelayModule_1 TrimmerPotentiometer_1 WaterSensor_1,Tile,REDMI,Train
IMG_20240309_114854.jpg,9,BridgeRectifier_1 GSMModule_1 HumiditySensor_1 ICBase14Pin_1 ICBase28Pin_1 MotionSensor_1 RelayModule_1 TrimmerPotentiometer_1 WaterSensor_1,Tile,REDMI,Train
IMG_20240309_114923.jpg,4,BridgeRectifier_1 HumiditySensor_1 ICBase14Pin_1 WaterSensor_1,Tile,REDMI,Train
IMG_20240309_114926.jpg,4,BridgeRectifier_1 HumiditySensor_1 ICBase14Pin_1 WaterSensor_1,Tile,REDMI,Train
IMG_20240309_114950.jpg,4,BridgeRectifier_1 HumiditySensor_1 ICBase14Pin_1 WaterSensor_1,Tile,REDMI,Valid
IMG_20240309_115024.jpg,4,BridgeRectifier_1 HumiditySensor_1 ICBase14Pin_1 WaterSensor_1,Tile,REDMI,Train
IMG_20240309_115102.jpg,4,BridgeRectifier_1 HumiditySensor_1 ICBase14Pin_1 WaterSensor_1,Tile,REDMI,Valid
IMG_20240309_115136.jpg,5,GSMModule_1 ICBase14Pin_1 ICBase28Pin_1 TrimmerPotentiometer_1 WaterSensor_1,Tile,REDMI,Train
IMG_20240309_115200.jpg,5,GSMModule_1 ICBase14Pin_1 ICBase28Pin_1 TrimmerPotentiometer_1 WaterSensor_1,Tile,REDMI,Valid
IMG_20240309_115204.jpg,5,GSMModule_1 ICBase14Pin_1 ICBase28Pin_1 TrimmerPotentiometer_1 WaterSensor_1,Tile,REDMI,Train
IMG_20240309_115233.jpg,5,GSMModule_1 ICBase14Pin_1 ICBase28Pin_1 TrimmerPotentiometer_1 WaterSensor_1,Tile,REDMI,Train
IMG_20240309_115342.jpg,9,BridgeRectifier_1 GSMModule_1 HumiditySensor_1 ICBase14Pin_1 ICBase28Pin_1 MotionSensor_1 RelayModule_1 TrimmerPotentiometer_1 WaterSensor_1,Black,REDMI,Train
IMG_20240309_115356.jpg,9,BridgeRectifier_1 GSMModule_1 HumiditySensor_1 ICBase14Pin_1 ICBase28Pin_1 MotionSensor_1 RelayModule_1 TrimmerPotentiometer_1 WaterSensor_1,Black,REDMI,Valid
IMG_20240309_115422.jpg,9,BridgeRectifier_1 GSMModule_1 HumiditySensor_1 ICBase14Pin_1 ICBase28Pin_1 MotionSensor_1 RelayModule_1 TrimmerPotentiometer_1 WaterSensor_1,Black,REDMI,Train
IMG_20240309_115439.jpg,9,BridgeRectifier_1 GSMModule_1 HumiditySensor_1 ICBase14Pin_1 ICBase28Pin_1 MotionSensor_1 RelayModule_1 TrimmerPotentiometer_1 WaterSensor_1,Black,REDMI,Train
IMG_20240309_115453.jpg,9,BridgeRectifier_1 GSMModule_1 HumiditySensor_1 ICBase14Pin_1 ICBase28Pin_1 MotionSensor_1 RelayModule_1 TrimmerPotentiometer_1 WaterSensor_1,Black,REDMI,Valid
IMG_20240309_115515.jpg,9,BridgeRectifier_1 GSMModule_1 HumiditySensor_1 ICBase14Pin_1 ICBase28Pin_1 MotionSensor_1 RelayModule_1 TrimmerPotentiometer_1 WaterSensor_1,Black,REDMI,Train
IMG_20240309_115616.jpg,9,BridgeRectifier_1 GSMModule_1 HumiditySensor_1 ICBase14Pin_1 ICBase28Pin_1 MotionSensor_1 RelayModule_1 TrimmerPotentiometer_1 WaterSensor_1,Black,REDMI,Valid
IMG_20240309_115627.jpg,9,BridgeRectifier_1 GSMModule_1 HumiditySensor_1 ICBase14Pin_1 ICBase28Pin_1 MotionSensor_1 RelayModule_1 TrimmerPotentiometer_1 WaterSensor_1,Black,REDMI,Train
IMG_20240309_115637.jpg,9,BridgeRectifier_1 GSMModule_1 HumiditySensor_1 ICBase14Pin_1 ICBase28Pin_1 MotionSensor_1 RelayModule_1 TrimmerPotentiometer_1 WaterSensor_1,Black,REDMI,Test
IMG_20240309_115723.jpg,4,BridgeRectifier_1 GSMModule_1 ICBase14Pin_1 RelayModule_1,Black,REDMI,Train
IMG_20240309_115728.jpg,4,BridgeRectifier_1 GSMModule_1 ICBase14Pin_1 RelayModule_1,Black,REDMI,Valid
IMG_20240309_115740.jpg,4,BridgeRectifier_1 GSMModule_1 ICBase14Pin_1 RelayModule_1,Black,REDMI,Train
IMG_20240309_115752.jpg,4,BridgeRectifier_1 GSMModule_1 ICBase14Pin_1 RelayModule_1,Black,REDMI,Train
IMG_20240309_115756.jpg,4,BridgeRectifier_1 GSMModule_1 ICBase14Pin_1 RelayModule_1,Black,REDMI,Test
IMG_20240309_115802.jpg,4,BridgeRectifier_1 GSMModule_1 ICBase14Pin_1 RelayModule_1,Black,REDMI,Train
IMG_20240309_115810.jpg,4,BridgeRectifier_1 GSMModule_1 ICBase14Pin_1 RelayModule_1,Black,REDMI,Train
IMG_20240309_115835.jpg,4,BridgeRectifier_1 GSMModule_1 ICBase14Pin_1 RelayModule_1,Black,REDMI,Valid
IMG_20240309_115910.jpg,4,GSMModule_1 HumiditySensor_1 MotionSensor_1 RelayModule_1,Black,REDMI,Train
IMG_20240309_115915.jpg,4,GSMModule_1 HumiditySensor_1 MotionSensor_1 RelayModule_1,Black,REDMI,Valid
IMG_20240309_115929.jpg,4,GSMModule_1 HumiditySensor_1 MotionSensor_1 RelayModule_1,Black,REDMI,Train
IMG_20240309_115948.jpg,4,GSMModule_1 HumiditySensor_1 MotionSensor_1 RelayModule_1,Black,REDMI,Valid
IMG_20240309_115952.jpg,4,GSMModule_1 HumiditySensor_1 MotionSensor_1 RelayModule_1,Black,REDMI,Valid
IMG_20240309_115958.jpg,4,GSMModule_1 HumiditySensor_1 MotionSensor_1 RelayModule_1,Black,REDMI,Test
IMG_20240309_120210.jpg,9,BridgeRectifier_1 GSMModule_1 HumiditySensor_1 ICBase14Pin_1 ICBase28Pin_1 MotionSensor_1 RelayModule_1 TrimmerPotentiometer_1 WaterSensor_1,Wooden,REDMI,Test
IMG_20240309_120229.jpg,9,BridgeRectifier_1 GSMModule_1 HumiditySensor_1 ICBase14Pin_1 ICBase28Pin_1 MotionSensor_1 RelayModule_1 TrimmerPotentiometer_1 WaterSensor_1,Wooden,REDMI,Train
IMG_20240309_120304.jpg,9,BridgeRectifier_1 GSMModule_1 HumiditySensor_1 ICBase14Pin_1 ICBase28Pin_1 MotionSensor_1 RelayModule_1 TrimmerPotentiometer_1 WaterSensor_1,Wooden,REDMI,Train
IMG_20240309_120308.jpg,9,BridgeRectifier_1 GSMModule_1 HumiditySensor_1 ICBase14Pin_1 ICBase28Pin_1 MotionSensor_1 RelayModule_1 TrimmerPotentiometer_1 WaterSensor_1,Wooden,REDMI,Train
IMG20240309112450.jpg,9,BridgeRectifier_1 GSMModule_1 HumiditySensor_1 ICBase14Pin_1 ICBase28Pin_1 MotionSensor_1 RelayModule_1 TrimmerPotentiometer_1 WaterSensor_1,Wooden,X,Train
IMG20240309112459.jpg,9,BridgeRectifier_1 GSMModule_1 HumiditySensor_1 ICBase14Pin_1 ICBase28Pin_1 MotionSensor_1 RelayModule_1 TrimmerPotentiometer_1 WaterSensor_1,Wooden,X,Test
IMG20240309112554.jpg,9,BridgeRectifier_1 GSMModule_1 HumiditySensor_1 ICBase14Pin_1 ICBase28Pin_1 MotionSensor_1 RelayModule_1 TrimmerPotentiometer_1 WaterSensor_1,Wooden,X,Train
IMG20240309112646.jpg,9,BridgeRectifier_1 GSMModule_1 HumiditySensor_1 ICBase14Pin_1 ICBase28Pin_1 MotionSensor_1 RelayModule_1 TrimmerPotentiometer_1 WaterSensor_1,Wooden,X,Train
IMG20240309112652.jpg,9,BridgeRectifier_1 GSMModule_1 HumiditySensor_1 ICBase14Pin_1 ICBase28Pin_1 MotionSensor_1 RelayModule_1 TrimmerPotentiometer_1 WaterSensor_1,Wooden,X,Valid
IMG20240309112658.jpg,9,BridgeRectifier_1 GSMModule_1 HumiditySensor_1 ICBase14Pin_1 ICBase28Pin_1 MotionSensor_1 RelayModule_1 TrimmerPotentiometer_1 WaterSensor_1,Wooden,X,Train
IMG20240309112703.jpg,9,BridgeRectifier_1 GSMModule_1 HumiditySensor_1 ICBase14Pin_1 ICBase28Pin_1 MotionSensor_1 RelayModule_1 TrimmerPotentiometer_1 WaterSensor_1,Wooden,X,Test
IMG20240309112712.jpg,9,BridgeRectifier_1 GSMModule_1 HumiditySensor_1 ICBase14Pin_1 ICBase28Pin_1 MotionSensor_1 RelayModule_1 TrimmerPotentiometer_1 WaterSensor_1,Wooden,X,Train
IMG20240309112739.jpg,9,BridgeRectifier_1 GSMModule_1 HumiditySensor_1 ICBase14Pin_1 ICBase28Pin_1 MotionSensor_1 RelayModule_1 TrimmerPotentiometer_1 WaterSensor_1,Wooden,X,Train
IMG20240309112748.jpg,9,BridgeRectifier_1 GSMModule_1 HumiditySensor_1 ICBase14Pin_1 ICBase28Pin_1 MotionSensor_1 RelayModule_1 TrimmerPotentiometer_1 WaterSensor_1,Wooden,X,Test
IMG20240309112839.jpg,9,BridgeRectifier_1 GSMModule_1 HumiditySensor_1 ICBase14Pin_1 ICBase28Pin_1 MotionSensor_1 RelayModule_1 TrimmerPotentiometer_1 WaterSensor_1,Wooden,X,Valid
IMG20240309112926.jpg,9,BridgeRectifier_1 GSMModule_1 HumiditySensor_1 ICBase14Pin_1 ICBase28Pin_1 MotionSensor_1 RelayModule_1 TrimmerPotentiometer_1 WaterSensor_1,Wooden,X,Train
IMG20240309112930.jpg,9,BridgeRectifier_1 GSMModule_1 HumiditySensor_1 ICBase14Pin_1 ICBase28Pin_1 MotionSensor_1 RelayModule_1 TrimmerPotentiometer_1 WaterSensor_1,Wooden,X,Train
IMG20240309112935.jpg,9,BridgeRectifier_1 GSMModule_1 HumiditySensor_1 ICBase14Pin_1 ICBase28Pin_1 MotionSensor_1 RelayModule_1 TrimmerPotentiometer_1 WaterSensor_1,Wooden,X,Train
IMG20240309112942.jpg,9,BridgeRectifier_1 GSMModule_1 HumiditySensor_1 ICBase14Pin_1 ICBase28Pin_1 MotionSensor_1 RelayModule_1 TrimmerPotentiometer_1 WaterSensor_1,Wooden,X,Train
IMG20240309113205.jpg,9,BridgeRectifier_1 GSMModule_1 HumiditySensor_1 ICBase14Pin_1 ICBase28Pin_1 MotionSensor_1 RelayModule_1 TrimmerPotentiometer_1 WaterSensor_1,Wooden,X,Valid
IMG20240309113333.jpg,5,GSMModule_1 HumiditySensor_1 ICBase14Pin_1 RelayModule_1 WaterSensor_1,Wooden,X,Valid
IMG20240309113351.jpg,5,GSMModule_1 HumiditySensor_1 ICBase14Pin_1 RelayModule_1 WaterSensor_1,Wooden,X,Train
IMG20240309113411.jpg,5,GSMModule_1 HumiditySensor_1 ICBase14Pin_1 RelayModule_1 WaterSensor_1,Wooden,X,Train
IMG20240309113417.jpg,5,GSMModule_1 HumiditySensor_1 ICBase14Pin_1 RelayModule_1 WaterSensor_1,Wooden,X,Test
IMG20240309113436.jpg,5,GSMModule_1 HumiditySensor_1 ICBase14Pin_1 RelayModule_1 WaterSensor_1,Wooden,X,Train
IMG20240309113458.jpg,5,GSMModule_1 HumiditySensor_1 ICBase14Pin_1 RelayModule_1 WaterSensor_1,Wooden,X,Valid
IMG20240309113628.jpg,3,GSMModule_1 ICBase14Pin_1 TrimmerPotentiometer_1,Wooden,X,Train
IMG20240309113738.jpg,4,GSMModule_1 ICBase14Pin_1 MotionSensor_1 TrimmerPotentiometer_1,Wooden,X,Train
IMG20240309113749.jpg,4,GSMModule_1 ICBase14Pin_1 MotionSensor_1 TrimmerPotentiometer_1,Wooden,X,Train
IMG20240309113808.jpg,4,GSMModule_1 ICBase14Pin_1 MotionSensor_1 TrimmerPotentiometer_1,Wooden,X,Valid
IMG20240309114409.jpg,9,BridgeRectifier_1 GSMModule_1 HumiditySensor_1 ICBase14Pin_1 ICBase28Pin_1 MotionSensor_1 RelayModule_1 TrimmerPotentiometer_1 WaterSensor_1,Tile,X,Train
IMG20240309114414.jpg,9,BridgeRectifier_1 GSMModule_1 HumiditySensor_1 ICBase14Pin_1 ICBase28Pin_1 MotionSensor_1 RelayModule_1 TrimmerPotentiometer_1 WaterSensor_1,Tile,X,Train
IMG20240309114439.jpg,9,BridgeRectifier_1 GSMModule_1 HumiditySensor_1 ICBase14Pin_1 ICBase28Pin_1 MotionSensor_1 RelayModule_1 TrimmerPotentiometer_1 WaterSensor_1,Tile,X,Train
IMG20240309114455.jpg,9,BridgeRectifier_1 GSMModule_1 HumiditySensor_1 ICBase14Pin_1 ICBase28Pin_1 MotionSensor_1 RelayModule_1 TrimmerPotentiometer_1 WaterSensor_1,Tile,X,Train
IMG20240309114535.jpg,9,BridgeRectifier_1 GSMModule_1 HumiditySensor_1 ICBase14Pin_1 ICBase28Pin_1 MotionSensor_1 RelayModule_1 TrimmerPotentiometer_1 WaterSensor_1,Tile,X,Valid
IMG20240309114604.jpg,9,BridgeRectifier_1 GSMModule_1 HumiditySensor_1 ICBase14Pin_1 ICBase28Pin_1 MotionSensor_1 RelayModule_1 TrimmerPotentiometer_1 WaterSensor_1,Tile,X,Test
IMG20240309114608.jpg,9,BridgeRectifier_1 GSMModule_1 HumiditySensor_1 ICBase14Pin_1 ICBase28Pin_1 MotionSensor_1 RelayModule_1 TrimmerPotentiometer_1 WaterSensor_1,Tile,X,Train
IMG20240309114636.jpg,9,BridgeRectifier_1 GSMModule_1 HumiditySensor_1 ICBase14Pin_1 ICBase28Pin_1 MotionSensor_1 RelayModule_1 TrimmerPotentiometer_1 WaterSensor_1,Tile,X,Train
IMG20240309114753.jpg,9,BridgeRectifier_1 GSMModule_1 HumiditySensor_1 ICBase14Pin_1 ICBase28Pin_1 MotionSensor_1 RelayModule_1 TrimmerPotentiometer_1 WaterSensor_1,Tile,X,Train
IMG20240309114823.jpg,9,BridgeRectifier_1 GSMModule_1 HumiditySensor_1 ICBase14Pin_1 ICBase28Pin_1 MotionSensor_1 RelayModule_1 TrimmerPotentiometer_1 WaterSensor_1,Tile,X,Train
IMG20240309114949.jpg,5,GSMModule_1 ICBase28Pin_1 MotionSensor_1 RelayModule_1 TrimmerPotentiometer_1,Tile,X,Train
IMG20240309115134.jpg,4,BridgeRectifier_1 HumiditySensor_1 MotionSensor_1 RelayModule_1,Tile,X,Train
IMG20240309115144.jpg,4,BridgeRectifier_1 HumiditySensor_1 MotionSensor_1 RelayModule_1,Tile,X,Train
IMG20240309115210.jpg,4,BridgeRectifier_1 HumiditySensor_1 MotionSensor_1 RelayModule_1,Tile,X,Train
IMG20240309115335.jpg,9,BridgeRectifier_1 GSMModule_1 HumiditySensor_1 ICBase14Pin_1 ICBase28Pin_1 MotionSensor_1 RelayModule_1 TrimmerPotentiometer_1 WaterSensor_1,Black,X,Test
IMG20240309115347.jpg,9,BridgeRectifier_1 GSMModule_1 HumiditySensor_1 ICBase14Pin_1 ICBase28Pin_1 MotionSensor_1 RelayModule_1 TrimmerPotentiometer_1 WaterSensor_1,Black,X,Train
IMG20240309115405.jpg,9,BridgeRectifier_1 GSMModule_1 HumiditySensor_1 ICBase14Pin_1 ICBase28Pin_1 MotionSensor_1 RelayModule_1 TrimmerPotentiometer_1 WaterSensor_1,Black,X,Train
IMG20240309115419.jpg,9,BridgeRectifier_1 GSMModule_1 HumiditySensor_1 ICBase14Pin_1 ICBase28Pin_1 MotionSensor_1 RelayModule_1 TrimmerPotentiometer_1 WaterSensor_1,Black,X,Train
IMG20240309115446.jpg,9,BridgeRectifier_1 GSMModule_1 HumiditySensor_1 ICBase14Pin_1 ICBase28Pin_1 MotionSensor_1 RelayModule_1 TrimmerPotentiometer_1 WaterSensor_1,Black,X,Valid
IMG20240309115523.jpg,9,BridgeRectifier_1 GSMModule_1 HumiditySensor_1 ICBase14Pin_1 ICBase28Pin_1 MotionSensor_1 RelayModule_1 TrimmerPotentiometer_1 WaterSensor_1,Black,X,Train
IMG20240309115622.jpg,9,BridgeRectifier_1 GSMModule_1 HumiditySensor_1 ICBase14Pin_1 ICBase28Pin_1 MotionSensor_1 RelayModule_1 TrimmerPotentiometer_1 WaterSensor_1,Black,X,Train
IMG20240309115720.jpg,5,HumiditySensor_1 ICBase28Pin_1 MotionSensor_1 TrimmerPotentiometer_1 WaterSensor_1,Black,X,Train
IMG20240309115735.jpg,5,HumiditySensor_1 ICBase28Pin_1 MotionSensor_1 TrimmerPotentiometer_1 WaterSensor_1,Black,X,Train
IMG20240309115740.jpg,5,HumiditySensor_1 ICBase28Pin_1 MotionSensor_1 TrimmerPotentiometer_1 WaterSensor_1,Black,X,Train
IMG20240309115753.jpg,5,HumiditySensor_1 ICBase28Pin_1 MotionSensor_1 TrimmerPotentiometer_1 WaterSensor_1,Black,X,Train
IMG20240309115800.jpg,5,HumiditySensor_1 ICBase28Pin_1 MotionSensor_1 TrimmerPotentiometer_1 WaterSensor_1,Black,X,Train
IMG20240309115812.jpg,5,HumiditySensor_1 ICBase28Pin_1 MotionSensor_1 TrimmerPotentiometer_1 WaterSensor_1,Black,X,Valid
IMG20240309115839.jpg,5,HumiditySensor_1 ICBase28Pin_1 MotionSensor_1 TrimmerPotentiometer_1 WaterSensor_1,Black,X,Train
IMG20240309115949.jpg,5,BridgeRectifier_1 ICBase14Pin_1 ICBase28Pin_1 TrimmerPotentiometer_1 WaterSensor_1,Black,X,Valid
IMG20240309120005.jpg,5,BridgeRectifier_1 ICBase14Pin_1 ICBase28Pin_1 TrimmerPotentiometer_1 WaterSensor_1,Black,X,Train
IMG20240309120406.jpg,9,BridgeRectifier_1 GSMModule_1 HumiditySensor_1 ICBase14Pin_1 ICBase28Pin_1 MotionSensor_1 RelayModule_1 TrimmerPotentiometer_1 WaterSensor_1,Wooden,X,Train
IMG20240309120418.jpg,9,BridgeRectifier_1 GSMModule_1 HumiditySensor_1 ICBase14Pin_1 ICBase28Pin_1 MotionSensor_1 RelayModule_1 TrimmerPotentiometer_1 WaterSensor_1,Wooden,X,Train
IMG20240309120426.jpg,9,BridgeRectifier_1 GSMModule_1 HumiditySensor_1 ICBase14Pin_1 ICBase28Pin_1 MotionSensor_1 RelayModule_1 TrimmerPotentiometer_1 WaterSensor_1,Wooden,X,Valid
IMG20240309120458.jpg,9,BridgeRectifier_1 GSMModule_1 HumiditySensor_1 ICBase14Pin_1 ICBase28Pin_1 MotionSensor_1 RelayModule_1 TrimmerPotentiometer_1 WaterSensor_1,Wooden,X,Train
IMG20240309120506.jpg,9,BridgeRectifier_1 GSMModule_1 HumiditySensor_1 ICBase14Pin_1 ICBase28Pin_1 MotionSensor_1 RelayModule_1 TrimmerPotentiometer_1 WaterSensor_1,Wooden,X,Train
IMG20240309120539.jpg,9,BridgeRectifier_1 GSMModule_1 HumiditySensor_1 ICBase14Pin_1 ICBase28Pin_1 MotionSensor_1 RelayModule_1 TrimmerPotentiometer_1 WaterSensor_1,Wooden,X,Valid
IMG20240309120611.jpg,9,BridgeRectifier_1 GSMModule_1 HumiditySensor_1 ICBase14Pin_1 ICBase28Pin_1 MotionSensor_1 RelayModule_1 TrimmerPotentiometer_1 WaterSensor_1,Wooden,X,Train
IMG20240309120618.jpg,9,BridgeRectifier_1 GSMModule_1 HumiditySensor_1 ICBase14Pin_1 ICBase28Pin_1 MotionSensor_1 RelayModule_1 TrimmerPotentiometer_1 WaterSensor_1,Wooden,X,Valid
IMG20240309112455.jpg,9,BridgeRectifier_1 GSMModule_1 HumiditySensor_1 ICBase14Pin_1 ICBase28Pin_1 MotionSensor_1 RelayModule_1 TrimmerPotentiometer_1 WaterSensor_1,Wooden,X,Valid
IMG20240309112510.jpg,9,BridgeRectifier_1 GSMModule_1 HumiditySensor_1 ICBase14Pin_1 ICBase28Pin_1 MotionSensor_1 RelayModule_1 TrimmerPotentiometer_1 WaterSensor_1,Wooden,X,Valid
IMG20240309112551.jpg,9,BridgeRectifier_1 GSMModule_1 HumiditySensor_1 ICBase14Pin_1 ICBase28Pin_1 MotionSensor_1 RelayModule_1 TrimmerPotentiometer_1 WaterSensor_1,Wooden,X,Test
IMG20240309112600.jpg,9,BridgeRectifier_1 GSMModule_1 HumiditySensor_1 ICBase14Pin_1 ICBase28Pin_1 MotionSensor_1 RelayModule_1 TrimmerPotentiometer_1 WaterSensor_1,Wooden,X,Train
IMG20240309112608.jpg,9,BridgeRectifier_1 GSMModule_1 HumiditySensor_1 ICBase14Pin_1 ICBase28Pin_1 MotionSensor_1 RelayModule_1 TrimmerPotentiometer_1 WaterSensor_1,Wooden,X,Train
IMG20240309112733.jpg,9,BridgeRectifier_1 GSMModule_1 HumiditySensor_1 ICBase14Pin_1 ICBase28Pin_1 MotionSensor_1 RelayModule_1 TrimmerPotentiometer_1 WaterSensor_1,Wooden,X,Train
IMG20240309112834.jpg,9,BridgeRectifier_1 GSMModule_1 HumiditySensor_1 ICBase14Pin_1 ICBase28Pin_1 MotionSensor_1 RelayModule_1 TrimmerPotentiometer_1 WaterSensor_1,Wooden,X,Valid
IMG20240309112846.jpg,9,BridgeRectifier_1 GSMModule_1 HumiditySensor_1 ICBase14Pin_1 ICBase28Pin_1 MotionSensor_1 RelayModule_1 TrimmerPotentiometer_1 WaterSensor_1,Wooden,X,Train
IMG20240309113201.jpg,9,BridgeRectifier_1 GSMModule_1 HumiditySensor_1 ICBase14Pin_1 ICBase28Pin_1 MotionSensor_1 RelayModule_1 TrimmerPotentiometer_1 WaterSensor_1,Wooden,X,Train
IMG20240309113209.jpg,9,BridgeRectifier_1 GSMModule_1 HumiditySensor_1 ICBase14Pin_1 ICBase28Pin_1 MotionSensor_1 RelayModule_1 TrimmerPotentiometer_1 WaterSensor_1,Wooden,X,Train
IMG20240309113221.jpg,9,BridgeRectifier_1 GSMModule_1 HumiditySensor_1 ICBase14Pin_1 ICBase28Pin_1 MotionSensor_1 RelayModule_1 TrimmerPotentiometer_1 WaterSensor_1,Wooden,X,Valid
IMG20240309113226.jpg,9,BridgeRectifier_1 GSMModule_1 HumiditySensor_1 ICBase14Pin_1 ICBase28Pin_1 MotionSensor_1 RelayModule_1 TrimmerPotentiometer_1 WaterSensor_1,Wooden,X,Train
IMG20240309113432.jpg,5,GSMModule_1 HumiditySensor_1 ICBase14Pin_1 RelayModule_1 WaterSensor_1,Wooden,X,Valid
IMG20240309113441.jpg,5,GSMModule_1 HumiditySensor_1 ICBase14Pin_1 RelayModule_1 WaterSensor_1,Wooden,X,Train
IMG20240309113452.jpg,5,GSMModule_1 HumiditySensor_1 ICBase14Pin_1 RelayModule_1 WaterSensor_1,Wooden,X,Train
IMG20240309113505.jpg,5,GSMModule_1 HumiditySensor_1 ICBase14Pin_1 RelayModule_1 WaterSensor_1,Wooden,X,Train
IMG20240309113515.jpg,5,GSMModule_1 HumiditySensor_1 ICBase14Pin_1 RelayModule_1 WaterSensor_1,Wooden,X,Valid
IMG20240309113559.jpg,4,GSMModule_1 ICBase14Pin_1 MotionSensor_1 TrimmerPotentiometer_1,Wooden,X,Train
IMG20240309113622.jpg,4,GSMModule_1 ICBase14Pin_1 MotionSensor_1 TrimmerPotentiometer_1,Wooden,X,Test
IMG20240309113635.jpg,4,GSMModule_1 ICBase14Pin_1 MotionSensor_1 TrimmerPotentiometer_1,Wooden,X,Valid
IMG20240309113703.jpg,4,GSMModule_1 ICBase14Pin_1 MotionSensor_1 TrimmerPotentiometer_1,Wooden,X,Valid
IMG20240309113708.jpg,4,GSMModule_1 ICBase14Pin_1 MotionSensor_1 TrimmerPotentiometer_1,Wooden,X,Train
IMG20240309113719.jpg,4,GSMModule_1 ICBase14Pin_1 MotionSensor_1 TrimmerPotentiometer_1,Wooden,X,Train
IMG20240309113823.jpg,4,GSMModule_1 ICBase14Pin_1 MotionSensor_1 TrimmerPotentiometer_1,Wooden,X,Valid
IMG20240309113827.jpg,4,GSMModule_1 ICBase14Pin_1 MotionSensor_1 TrimmerPotentiometer_1,Wooden,X,Valid
IMG20240309114405.jpg,9,BridgeRectifier_1 GSMModule_1 HumiditySensor_1 ICBase14Pin_1 ICBase28Pin_1 MotionSensor_1 RelayModule_1 TrimmerPotentiometer_1 WaterSensor_1,Tile,X,Train
IMG20240309114448.jpg,9,BridgeRectifier_1 GSMModule_1 HumiditySensor_1 ICBase14Pin_1 ICBase28Pin_1 MotionSensor_1 RelayModule_1 TrimmerPotentiometer_1 WaterSensor_1,Tile,X,Train
IMG20240309114538.jpg,9,BridgeRectifier_1 GSMModule_1 HumiditySensor_1 ICBase14Pin_1 ICBase28Pin_1 MotionSensor_1 RelayModule_1 TrimmerPotentiometer_1 WaterSensor_1,Tile,X,Train
IMG20240309114544.jpg,9,BridgeRectifier_1 GSMModule_1 HumiditySensor_1 ICBase14Pin_1 ICBase28Pin_1 MotionSensor_1 RelayModule_1 TrimmerPotentiometer_1 WaterSensor_1,Tile,X,Train
IMG20240309114611.jpg,9,BridgeRectifier_1 GSMModule_1 HumiditySensor_1 ICBase14Pin_1 ICBase28Pin_1 MotionSensor_1 RelayModule_1 TrimmerPotentiometer_1 WaterSensor_1,Tile,X,Train
IMG20240309114642.jpg,9,BridgeRectifier_1 GSMModule_1 HumiditySensor_1 ICBase14Pin_1 ICBase28Pin_1 MotionSensor_1 RelayModule_1 TrimmerPotentiometer_1 WaterSensor_1,Tile,X,Valid
IMG20240309114647.jpg,9,BridgeRectifier_1 GSMModule_1 HumiditySensor_1 ICBase14Pin_1 ICBase28Pin_1 MotionSensor_1 RelayModule_1 TrimmerPotentiometer_1 WaterSensor_1,Tile,X,Train
IMG20240309114656.jpg,9,BridgeRectifier_1 GSMModule_1 HumiditySensor_1 ICBase14Pin_1 ICBase28Pin_1 MotionSensor_1 RelayModule_1 TrimmerPotentiometer_1 WaterSensor_1,Tile,X,Train
IMG20240309114740.jpg,9,BridgeRectifier_1 GSMModule_1 HumiditySensor_1 ICBase14Pin_1 ICBase28Pin_1 MotionSensor_1 RelayModule_1 TrimmerPotentiometer_1 WaterSensor_1,Tile,X,Test
IMG20240309114826.jpg,9,BridgeRectifier_1 GSMModule_1 HumiditySensor_1 ICBase14Pin_1 ICBase28Pin_1 MotionSensor_1 RelayModule_1 TrimmerPotentiometer_1 WaterSensor_1,Tile,X,Train
IMG20240309114831.jpg,9,BridgeRectifier_1 GSMModule_1 HumiditySensor_1 ICBase14Pin_1 ICBase28Pin_1 MotionSensor_1 RelayModule_1 TrimmerPotentiometer_1 WaterSensor_1,Tile,X,Train
IMG20240309114846.jpg,9,BridgeRectifier_1 GSMModule_1 HumiditySensor_1 ICBase14Pin_1 ICBase28Pin_1 MotionSensor_1 RelayModule_1 TrimmerPotentiometer_1 WaterSensor_1,Tile,X,Test
IMG20240309114933.jpg,5,GSMModule_1 ICBase28Pin_1 MotionSensor_1 RelayModule_1 TrimmerPotentiometer_1,Tile,X,Train
IMG20240309114938.jpg,5,GSMModule_1 ICBase28Pin_1 MotionSensor_1 RelayModule_1 TrimmerPotentiometer_1,Tile,X,Train
IMG20240309114943.jpg,5,GSMModule_1 ICBase28Pin_1 MotionSensor_1 RelayModule_1 TrimmerPotentiometer_1,Tile,X,Train
IMG20240309115014.jpg,5,GSMModule_1 ICBase28Pin_1 MotionSensor_1 RelayModule_1 TrimmerPotentiometer_1,Tile,X,Test
IMG20240309115032.jpg,5,GSMModule_1 ICBase28Pin_1 MotionSensor_1 RelayModule_1 TrimmerPotentiometer_1,Tile,X,Train
IMG20240309115107.jpg,5,GSMModule_1 ICBase28Pin_1 MotionSensor_1 RelayModule_1 TrimmerPotentiometer_1,Tile,X,Train
IMG20240309115151.jpg,4,BridgeRectifier_1 HumiditySensor_1 MotionSensor_1 RelayModule_1,Tile,X,Train
IMG20240309115204.jpg,4,BridgeRectifier_1 HumiditySensor_1 MotionSensor_1 RelayModule_1,Tile,X,Test
IMG20240309115234.jpg,4,BridgeRectifier_1 HumiditySensor_1 MotionSensor_1 RelayModule_1,Tile,X,Train
IMG20240309115240.jpg,4,BridgeRectifier_1 HumiditySensor_1 MotionSensor_1 RelayModule_1,Tile,X,Train
IMG20240309115425.jpg,9,BridgeRectifier_1 GSMModule_1 HumiditySensor_1 ICBase14Pin_1 ICBase28Pin_1 MotionSensor_1 RelayModule_1 TrimmerPotentiometer_1 WaterSensor_1,Black,X,Train
IMG20240309115431.jpg,9,BridgeRectifier_1 GSMModule_1 HumiditySensor_1 ICBase14Pin_1 ICBase28Pin_1 MotionSensor_1 RelayModule_1 TrimmerPotentiometer_1 WaterSensor_1,Black,X,Train
IMG20240309115506.jpg,9,BridgeRectifier_1 GSMModule_1 HumiditySensor_1 ICBase14Pin_1 ICBase28Pin_1 MotionSensor_1 RelayModule_1 TrimmerPotentiometer_1 WaterSensor_1,Black,X,Valid
IMG20240309115514.jpg,9,BridgeRectifier_1 GSMModule_1 HumiditySensor_1 ICBase14Pin_1 ICBase28Pin_1 MotionSensor_1 RelayModule_1 TrimmerPotentiometer_1 WaterSensor_1,Black,X,Train
IMG20240309115608.jpg,9,BridgeRectifier_1 GSMModule_1 HumiditySensor_1 ICBase14Pin_1 ICBase28Pin_1 MotionSensor_1 RelayModule_1 TrimmerPotentiometer_1 WaterSensor_1,Black,X,Train
IMG20240309115615.jpg,9,BridgeRectifier_1 GSMModule_1 HumiditySensor_1 ICBase14Pin_1 ICBase28Pin_1 MotionSensor_1 RelayModule_1 TrimmerPotentiometer_1 WaterSensor_1,Black,X,Train
IMG20240309115642.jpg,9,BridgeRectifier_1 GSMModule_1 HumiditySensor_1 ICBase14Pin_1 ICBase28Pin_1 MotionSensor_1 RelayModule_1 TrimmerPotentiometer_1 WaterSensor_1,Black,X,Train
IMG20240309115805.jpg,5,HumiditySensor_1 ICBase28Pin_1 MotionSensor_1 TrimmerPotentiometer_1 WaterSensor_1,Black,X,Train
IMG20240309115912.jpg,5,BridgeRectifier_1 ICBase14Pin_1 ICBase28Pin_1 TrimmerPotentiometer_1 WaterSensor_1,Black,X,Train
IMG20240309115921.jpg,5,BridgeRectifier_1 ICBase14Pin_1 ICBase28Pin_1 TrimmerPotentiometer_1 WaterSensor_1,Black,X,Train
IMG20240309115928.jpg,5,BridgeRectifier_1 ICBase14Pin_1 ICBase28Pin_1 TrimmerPotentiometer_1 WaterSensor_1,Black,X,Train
IMG20240309115958.jpg,5,BridgeRectifier_1 ICBase14Pin_1 ICBase28Pin_1 TrimmerPotentiometer_1 WaterSensor_1,Black,X,Train
IMG20240309120445.jpg,9,BridgeRectifier_1 GSMModule_1 HumiditySensor_1 ICBase14Pin_1 ICBase28Pin_1 MotionSensor_1 RelayModule_1 TrimmerPotentiometer_1 WaterSensor_1,Wooden,X,Train
IMG20240309120449.jpg,9,BridgeRectifier_1 GSMModule_1 HumiditySensor_1 ICBase14Pin_1 ICBase28Pin_1 MotionSensor_1 RelayModule_1 TrimmerPotentiometer_1 WaterSensor_1,Wooden,X,Valid
IMG20240309120534.jpg,9,BridgeRectifier_1 GSMModule_1 HumiditySensor_1 ICBase14Pin_1 ICBase28Pin_1 MotionSensor_1 RelayModule_1 TrimmerPotentiometer_1 WaterSensor_1,Wooden,X,Train
IMG20240309120605.jpg,9,BridgeRectifier_1 GSMModule_1 HumiditySensor_1 ICBase14Pin_1 ICBase28Pin_1 MotionSensor_1 RelayModule_1 TrimmerPotentiometer_1 WaterSensor_1,Wooden,X,Train
IMG20240309120653.jpg,9,BridgeRectifier_1 GSMModule_1 HumiditySensor_1 ICBase14Pin_1 ICBase28Pin_1 MotionSensor_1 RelayModule_1 TrimmerPotentiometer_1 WaterSensor_1,Wooden,X,Train
IMG_20240417_115033.jpg,3,FilmCapacitor_1 Resistor_3 ZenerDiode_1,Wooden,REDMI,Valid
IMG_20240417_115042.jpg,3,FilmCapacitor_1 Resistor_3 ZenerDiode_1,Wooden,REDMI,Test
IMG_20240417_115054.jpg,3,FilmCapacitor_1 Resistor_3 ZenerDiode_1,Wooden,REDMI,Train
IMG_20240417_115137.jpg,4,FilmCapacitor_1 HeatSink_1 Resistor_4 ZenerDiode_1,Wooden,REDMI,Valid
IMG_20240417_115357.jpg,3,FilmCapacitor_1 Resistor_3 ServoMotor_1,Tile,REDMI,Train
IMG_20240417_115403.jpg,2,FilmCapacitor_1 Resistor_2,Tile,REDMI,Test
IMG_20240417_115415.jpg,3,FilmCapacitor_1 Resistor_3 ServoMotor_1,Tile,REDMI,Train
IMG_20240417_115419.jpg,3,HeatSink_1 Resistor_3 ZenerDiode_1,Tile,REDMI,Train
IMG_20240417_115515.jpg,3,FilmCapacitor_1 Resistor_3 ServoMotor_1,Black,REDMI,Train
IMG_20240417_115601.jpg,3,FilmCapacitor_1 Resistor_2 ZenerDiode_1,Black,REDMI,Train
IMG_20240417_115717.jpg,2,Resistor_2 ZenerDiode_1,Black,REDMI,Train
IMG_20240417_115845.jpg,3,FilmCapacitor_1 Resistor_4 ServoMotor_1,Wooden,REDMI,Train
IMG_20240417_115849.jpg,3,FilmCapacitor_1 Resistor_4 ServoMotor_1,Wooden,REDMI,Train
IMG_20240417_115856.jpg,1,Resistor_4,Wooden,REDMI,Train
IMG_20240417_115901.jpg,2,FilmCapacitor_1 Resistor_2,Wooden,REDMI,Train
IMG_20240417_115920.jpg,3,FilmCapacitor_1 Resistor_4 ServoMotor_1,Wooden,REDMI,Train
IMG_20240417_115924.jpg,3,FilmCapacitor_1 Resistor_4 ServoMotor_1,Wooden,REDMI,Valid
IMG_20240417_115018.jpg,3,FilmCapacitor_1 Resistor_3 ZenerDiode_1,Wooden,REDMI,Valid
IMG_20240417_115119.jpg,3,FilmCapacitor_1 Resistor_3 ZenerDiode_1,Wooden,REDMI,Train
IMG_20240417_115133.jpg,4,FilmCapacitor_1 HeatSink_1 Resistor_4 ZenerDiode_1,Wooden,REDMI,Train
IMG_20240417_115155.jpg,2,HeatSink_1 Resistor_4,Wooden,REDMI,Test
IMG_20240417_115202.jpg,2,HeatSink_1 Resistor_4,Wooden,REDMI,Train
IMG_20240417_115234.jpg,2,HeatSink_1 Resistor_4,Wooden,REDMI,Train
IMG_20240417_115336.jpg,3,FilmCapacitor_1 Resistor_4 ServoMotor_1,Tile,REDMI,Valid
IMG_20240417_115349.jpg,3,FilmCapacitor_1 Resistor_4 ServoMotor_1,Tile,REDMI,Test
IMG_20240417_115409.jpg,2,Resistor_1 ServoMotor_1,Tile,REDMI,Train
IMG_20240417_115535.jpg,3,FilmCapacitor_1 Resistor_3 ZenerDiode_1,Black,REDMI,Train
IMG_20240417_115542.jpg,3,FilmCapacitor_1 Resistor_3 ZenerDiode_1,Black,REDMI,Train
IMG_20240417_115554.jpg,3,FilmCapacitor_1 Resistor_2 ZenerDiode_1,Black,REDMI,Valid
IMG_20240417_115615.jpg,3,FilmCapacitor_1 Resistor_2 ZenerDiode_1,Black,REDMI,Train
IMG_20240417_115638.jpg,3,HeatSink_1 Resistor_4 ServoMotor_1,Black,REDMI,Train
IMG_20240417_115708.jpg,1,Resistor_1,Black,REDMI,Train
IMG_20240417_115905.jpg,2,FilmCapacitor_1 Resistor_4,Wooden,REDMI,Train
IMG20240417115028.jpg,3,HeatSink_1 Resistor_3 ServoMotor_1,Wooden,ONEPLUS_NORD,Train
IMG20240417115035.jpg,3,HeatSink_1 Resistor_3 ServoMotor_1,Wooden,ONEPLUS_NORD,Train
IMG20240417115151.jpg,4,FilmCapacitor_1 Resistor_2 ServoMotor_1 ZenerDiode_1,Wooden,ONEPLUS_NORD,Test
IMG20240417115201.jpg,4,FilmCapacitor_1 Resistor_2 ServoMotor_1 ZenerDiode_1,Wooden,ONEPLUS_NORD,Train
IMG20240417115347.jpg,3,HeatSink_1 Resistor_2 ZenerDiode_1,Tile,ONEPLUS_NORD,Train
IMG20240417115534.jpg,3,HeatSink_1 Resistor_3 ServoMotor_1,Black,ONEPLUS_NORD,Train
IMG20240417115542.jpg,3,HeatSink_1 Resistor_3 ServoMotor_1,Black,ONEPLUS_NORD,Train
IMG20240417120340.jpg,2,FilmCapacitor_1 Resistor_4,Black,ONEPLUS_NORD,Valid
IMG20240417120351.jpg,2,FilmCapacitor_1 Resistor_4,Black,ONEPLUS_NORD,Train
IMG20240417120415.jpg,2,FilmCapacitor_1 Resistor_4,Black,ONEPLUS_NORD,Train
IMG20240417120425.jpg,2,FilmCapacitor_1 Resistor_4,Black,ONEPLUS_NORD,Valid
IMG20240417115059.jpg,3,HeatSink_1 Resistor_3 ServoMotor_1,Wooden,ONEPLUS_NORD,Train
IMG20240417115121.jpg,2,Resistor_3 ServoMotor_1,Wooden,ONEPLUS_NORD,Test
IMG20240417115339.jpg,3,HeatSink_1 Resistor_2 ZenerDiode_1,Tile,ONEPLUS_NORD,Valid
IMG20240417115406.jpg,3,HeatSink_1 Resistor_3 ZenerDiode_1,Tile,ONEPLUS_NORD,Valid
IMG20240417115517.jpg,3,HeatSink_1 Resistor_3 ZenerDiode_1,Black,ONEPLUS_NORD,Train
IMG20240417115614.jpg,3,HeatSink_1 Resistor_4 ServoMotor_1,Black,ONEPLUS_NORD,Train
IMG20240417115728.jpg,1,Resistor_2,Black,ONEPLUS_NORD,Train
IMG20240417120332.jpg,2,FilmCapacitor_1 Resistor_4,Black,ONEPLUS_NORD,Train
IMG20240417120447.jpg,2,FilmCapacitor_1 Resistor_4,Black,ONEPLUS_NORD,Train
IMG20240417120455.jpg,2,FilmCapacitor_1 Resistor_4,Black,ONEPLUS_NORD,Train